,10,11,12,13,14,15,16,17,18,19,20,21,22,23,24,25,26,27,28,29,30,31,32,33,34,35,36,37,38,39,40,41,42,43,44,45,46,47,48,49,50
plan_agent_layer1_tick_1,0.37910645933666015,0.33197829941862167,0.3667125266866852,0.32651994698230763,0.33039480649200464,0.30990372522612425,0.339023315049341,0.33477097463053174,0.3814574054149774,0.3745039640683002,0.3531352811890426,0.35489950561000044,0.3514098562207028,0.35981159692541687,0.34866439829432705,0.36688351088576704,0.3668276036520321,0.34789516672067944,0.3731839433860764,0.34990262993370913,0.36869212257117767,0.3615100979194147,0.36917828600431274,0.35016949403530456,0.3733339668126711,0.3618496733390392,0.369702640925155,0.37354214972250277,0.38153205541323504,0.38513804200367907,0.3830736133012591,0.3830736133012591,0.39177854189246464,0.36371890611278734,0.3819681386469204,0.3729855455497951,0.39728504688095134,0.3825485223253616,0.40861796664919103,0.39769655503143986,0.3986663156204212
plan_agent_layer1_tick_2,0.40493665237929066,0.38143888380150637,0.3819695069451958,0.36123869957180715,0.42566951146495813,0.43449032002067245,0.4342316758025192,0.4163122004547305,0.4304238236930235,0.4531414967280526,0.43818013955185486,0.45552216512411403,0.479010432601889,0.45411138031285664,0.4589874725073499,0.4497804040480993,0.48631794638261516,0.47960132113269616,0.49735028731748515,0.5012080353052106,0.5017739140219095,0.5072375789875118,0.48697413044870563,0.49691017801519066,0.5049756713980488,0.5031654052761378,0.5085892402871932,0.508348887701631,0.5118091440582772,0.5308100631992898,0.5316962752275878,0.5316962752275878,0.5170238553841496,0.5371433170784148,0.5217915346062946,0.5195168181222215,0.5303546439962833,0.5338797345617141,0.5391751510655732,0.5353112658547893,0.5406067562333052
plan_agent_layer1_tick_3,0.3860641644705033,0.37974508607546664,0.38178863688960335,0.3650890883761288,0.4343497677455542,0.43880100404073613,0.44879018216934935,0.4510865064210393,0.4824676856402628,0.4858969047738143,0.4901920953315525,0.49879876255156275,0.5262517455553578,0.5172989553296875,0.538365073642876,0.5114809544546813,0.5285451597369051,0.5530427700850492,0.5637422970303583,0.5662495426925249,0.5508246213469377,0.5764737132038269,0.5498556210470439,0.5759819538370772,0.5515899938360714,0.5546327003073007,0.5614953115833441,0.5736947267878527,0.5764478099005582,0.5907662656194441,0.5869600023102775,0.5869600023102775,0.5820477271791977,0.5920676472045502,0.5883589629575672,0.5823026051769865,0.5874636184255188,0.5963613994697208,0.59021200995708,0.5951011385517427,0.5911125705990804
plan_agent_layer1_tick_4,0.3775905532806515,0.37853860887124136,0.40836774867545955,0.37341038429787454,0.45893133999473923,0.4841579206085512,0.4835610409240424,0.4784961381092933,0.5160482355217677,0.5236774016015395,0.5262090976977954,0.5266987237459668,0.5722770621833886,0.5527646459091713,0.583526952310079,0.5536713845322505,0.561038234634878,0.5992610360475783,0.6065184066738378,0.6005874364190891,0.5915859268203727,0.6115430987132602,0.6072164006388198,0.6134859901198176,0.5985242427162277,0.6004849047352547,0.6113584473771665,0.6243017674924989,0.6238409755078462,0.6317072876499524,0.625625625901366,0.625625625901366,0.6151529508426175,0.6294557805189054,0.6227505003927325,0.6266242955724123,0.6217345606754804,0.624958018651461,0.6283371339775085,0.6260335718930224,0.6322329339081827
plan_agent_layer1_tick_5,0.36843508351992327,0.3762908530631806,0.396855256817667,0.37972822311294785,0.47009919540363043,0.49044027478919405,0.47915592730660983,0.47575178256861295,0.5218686670023547,0.5499567087781221,0.5441057478002757,0.5424652376418077,0.5861520192850065,0.5573815748448275,0.598001636457967,0.5641923855580933,0.5679164325317462,0.612909192289456,0.6134246268323015,0.6165313337636796,0.6069476441614146,0.6280441673156392,0.620196154742839,0.631488535164651,0.611586253868419,0.606051369718052,0.6241875160077879,0.6420164460155056,0.635753225124694,0.6507681205155029,0.6441163231834419,0.6441163231834419,0.6295132978781516,0.6443387461157573,0.6421745561116046,0.6430673311775083,0.6387258995506631,0.6424753760657973,0.644935650485556,0.645696770115572,0.6534694419550753
plan_agent_layer1_tick_6,0.35976873806746557,0.3714023689664848,0.39439528093455956,0.38162825170846093,0.4752726111163742,0.5052716291107404,0.49042194041883036,0.49374942866252647,0.5357635143481042,0.5662762720656932,0.5598132726232683,0.5572416140865725,0.6032673123165398,0.5816935970012522,0.6167470852707803,0.5826524047836584,0.5839274215283684,0.6301529343285304,0.6300873361285915,0.6314222461128467,0.6209880161809952,0.6458171108305544,0.6383397301827859,0.6487163043932763,0.6238863223443936,0.6316053810729347,0.6412659659307935,0.6539908490478975,0.653390455838413,0.663921884146034,0.6561016254555216,0.6561016254555216,0.646581996879329,0.6602741527587834,0.6560683996067437,0.6556964152967497,0.6530126222552267,0.6600107611695959,0.6627237960095214,0.6635426327104924,0.6646581141244434
plan_agent_layer1_tick_7,0.35525156168021116,0.3697404266510319,0.38855420833142773,0.3803412267697285,0.4760312561375389,0.5042338628579027,0.4884419372025867,0.4931062942889996,0.5356268947574127,0.5739171579610546,0.5681887319405841,0.5606120004810199,0.6140571030280537,0.5875771778974477,0.6276004832335282,0.5981894887444407,0.5876130159975277,0.6422861048553147,0.643223103488366,0.6419326508338263,0.6373768031033726,0.6557206587345631,0.6508625593343236,0.6580701650353344,0.6383107058139623,0.64167157856807,0.6526119892907427,0.6654654243742362,0.6640605970311375,0.6790532402322709,0.6685622434964267,0.6685622434964267,0.6553496125682885,0.6712070982052711,0.6682646329249766,0.6660870944129171,0.6639563673815629,0.6698793143085245,0.6743180743071796,0.6789498596520251,0.681187596248424
plan_agent_layer1_tick_8,0.3441600265687511,0.3637986716546185,0.38382570861146487,0.3811779547575515,0.4755298158493121,0.5072305489353852,0.49128463432074626,0.4954607262452365,0.54067134298027,0.5793895810509377,0.5738093400749704,0.5642529977393161,0.617955763662828,0.5900798029729857,0.6320937219020206,0.6033714781211861,0.5913659370739484,0.6497818920122949,0.6485947462528456,0.6493797557775036,0.6397750370488564,0.6604573991889804,0.6550163484967101,0.6651672144139009,0.640864221913837,0.6507816133564064,0.6620953393495193,0.6742486176313338,0.6737993186380571,0.6867578689839782,0.6733072968329384,0.6733072968329384,0.6627430572130117,0.6775245124994138,0.6746310151039053,0.6709279678784003,0.6701308443711003,0.6772431178882414,0.6817895471724992,0.6858750630765054,0.6880232691271828
plan_agent_layer1_tick_9,0.3364011436482379,0.3593077715430727,0.38040145463792613,0.38139133213762133,0.47374118141879995,0.5088075810015129,0.4938589012169823,0.4985199488466206,0.5455732976480157,0.5821378736799389,0.5761789454650538,0.5687576500329335,0.6236701156877876,0.5949158182588864,0.6395560447202322,0.6112011748743804,0.5974020183996792,0.6552350551542067,0.6546037414185961,0.6537455823111029,0.6479760248681743,0.666774321187079,0.6615777584296955,0.6714068660826598,0.6503580327665934,0.6553348431597288,0.6673486007559699,0.6786841419292097,0.6810386574869117,0.6917398277749605,0.68099235828094,0.68099235828094,0.6705096593213449,0.6854044315154183,0.6834559743397786,0.6774827939357956,0.6755149278060554,0.6844413778994726,0.6905449205549521,0.6930793004546203,0.6942985859812919
plan_agent_layer1_tick_10,0.329284735797439,0.35675490418095374,0.3750957634869113,0.3792444439607835,0.4743422962133749,0.5096885965168808,0.49370422736630337,0.49979996423379697,0.5483619164673822,0.5842145770534847,0.5787944201335038,0.5677997100907705,0.6248294333567038,0.5996859921605514,0.6434448039794699,0.6129160077381005,0.5985720651176243,0.6594875829056862,0.6586518187228837,0.6569866320636072,0.6502653315472272,0.6696342579248963,0.6664127699649481,0.6729115366724278,0.6518414102222302,0.6575487435067606,0.6704034280718296,0.6833289595693401,0.6840797434459093,0.6967729512810469,0.68384151256812,0.68384151256812,0.6773974549476011,0.6885176224610751,0.6857878036593965,0.6844767404313123,0.6816290417878653,0.6913293823454445,0.6953618265422674,0.6968386117851881,0.7006610484983228
plan_agent_layer1_tick_11,0.3233090104744347,0.3531473309494536,0.3706597925695332,0.3758595332151497,0.4738305907688827,0.509589004604184,0.49292480055692767,0.5006100970638765,0.5511183713299205,0.5851928282359654,0.5820229618451143,0.5715425323473511,0.628927665809843,0.6017136595319814,0.6452551877126691,0.6152450398430386,0.5977724829947679,0.664980251171305,0.6599323538710735,0.6617126644130669,0.6518554450866991,0.6732864253694065,0.6668792554264386,0.6765441723757932,0.6545326619734706,0.6622828411779452,0.6737354536810555,0.6877258874184304,0.6878556388546443,0.6985238222681727,0.6909947550888113,0.6909947550888113,0.6811523021394488,0.6932242038236225,0.6915087021780472,0.6859552099231666,0.6842354185532785,0.6936964973392106,0.6987963771401946,0.701842712741227,0.7015877072186727
plan_agent_layer1_tick_12,0.3183965599590735,0.3493571922340348,0.3685627250195668,0.3752289246190267,0.4740429700039126,0.5100947671289086,0.49322119115722796,0.49954532899741266,0.551217828878663,0.5876634099390141,0.5812097098752858,0.5717348864013839,0.6311991586451772,0.6031892314113098,0.6453236458199256,0.6168415101513154,0.5988181016215164,0.6658668063131736,0.6643999193706357,0.663954785766083,0.6551881360541937,0.675722381283347,0.6699057403470576,0.6811162061292232,0.6588654910598327,0.6622691776980989,0.6761239666970509,0.6902893171573277,0.6886955470611124,0.6998332778707965,0.6930635679367936,0.6930635679367936,0.6836051551342293,0.6923130118126156,0.69151297572998,0.6861418823121997,0.6868539479795748,0.6952464660703419,0.6984654109844171,0.7054692047284605,0.7041197120049536
plan_agent_layer1_tick_13,0.3139549076750372,0.34631127087899743,0.3662118367896371,0.37411648742251585,0.47364951881800926,0.508566822877947,0.4944347989306606,0.49973951565087604,0.5505675404869299,0.5875348711968408,0.5839385925411815,0.5724617485036367,0.6316649280266656,0.6034962480903568,0.648889283690921,0.6169788357585759,0.5980579035177289,0.6667449500263405,0.6663622461185288,0.6654013996632286,0.6562849481469446,0.67657351839086,0.6701113278617743,0.6821456240131852,0.6623211722299666,0.6664599180956576,0.6776945481613834,0.6914339371493505,0.6908757549470321,0.703204052683662,0.6932952798463233,0.6932952798463233,0.6867976331253696,0.6952809765965204,0.6932731491186919,0.6885418714633831,0.6882532291967097,0.6954203039181864,0.7024727405498377,0.7074510564679428,0.7085834562968462
plan_agent_layer1_tick_14,0.30937149403759323,0.34302563677155656,0.36442134582947955,0.37241548322918855,0.47239241035058477,0.509035075004517,0.4950358180216264,0.4978328793006435,0.5512045768596006,0.5880355046459467,0.5834492050536518,0.5731119357917389,0.6321385730387179,0.6039056785191315,0.6488605265946438,0.6191478358737073,0.5986073647634481,0.6693358951285654,0.667330231311469,0.6681197716751137,0.6581388442877311,0.6779658161929578,0.6718489625987818,0.6838735753808933,0.663589033329216,0.666805175656058,0.6804490043371686,0.6930426919269919,0.6918070597531958,0.7052843578317101,0.6952494890375679,0.6952494890375679,0.6885576865940711,0.6975474978894373,0.6933059658910334,0.6902107008451317,0.6919239500278871,0.6977376050509643,0.7024953145279687,0.7073175300264543,0.710143847553069
plan_agent_layer1_tick_15,0.30591303883702003,0.3398222518960595,0.36281491676081096,0.37005928704564656,0.47146458658932716,0.5071901498582053,0.49326035509008853,0.4965393261204419,0.5511031631290415,0.5878863049780862,0.5838178736552284,0.5740169388389115,0.6343980948146567,0.6058207076155022,0.6498005822706353,0.6207076718483382,0.5985554126993076,0.6707971843506652,0.66864231431921,0.6704379516225365,0.6601821416791032,0.6785816677064914,0.6734265824415889,0.6849203928622343,0.6646416710093167,0.6686775896930008,0.6803240008414175,0.6944810944082951,0.6938441429298939,0.7035894037488917,0.6955619743607963,0.6955619743607963,0.6878798665214703,0.6971376768455635,0.6949904697426199,0.6913487079680064,0.6885648975890207,0.6991129689650182,0.7045936414325376,0.7099887125626598,0.7102745871544448
plan_box_layer1_tick_1,0.39271762568189594,0.3608032149457244,0.36782797911495,0.35246792846948516,0.36876916052110886,0.35111690976961596,0.3880931073545996,0.33921374081058187,0.4079056005693745,0.3850869686261841,0.36921083047729625,0.3770492511666646,0.35229281762958353,0.3669724494275034,0.3475128599078263,0.3315933477847234,0.2902921308486497,0.33687331795689995,0.31242677027258403,0.3685884088638196,0.3709884919627773,0.36066000530046927,0.36313482325579255,0.3643382178455782,0.3582925611872646,0.38001575612997585,0.3605998777779245,0.30433677007097815,0.3694290020953655,0.36858857908536014,0.3546285745395827,0.3546285745395827,0.3434728175593705,0.3197929943911132,0.35638535965408746,0.2994360694882765,0.3743687021265954,0.3748855750390666,0.40393706685907016,0.39119470681227775,0.37379780511749716
plan_box_layer1_tick_2,0.3910441902186772,0.4057222237044421,0.41303213304335823,0.3812163340467013,0.4369506012409608,0.4674551276327669,0.4748832834144703,0.46695248981726223,0.47865854035708144,0.4866599489251519,0.48987289646690463,0.4960126710188343,0.5168409822044915,0.4993750382263106,0.5023752999689641,0.5008829729530595,0.468193647331148,0.5194314132952544,0.5138637969788337,0.5356097610233193,0.5397392369371251,0.5514136797077379,0.5432768454479358,0.5468356388941669,0.541024328407193,0.5432427672566911,0.5592850896078685,0.5471120725785402,0.5688166616657844,0.5590993458511724,0.5783396547722919,0.5783396547722919,0.5614699276718511,0.5620087388647533,0.5448835823081464,0.5581236281124997,0.5622036253100909,0.5653792263059124,0.5747276609698995,0.5671612047129717,0.5710173760082696
plan_box_layer1_tick_3,0.40451366266836686,0.41420251067699815,0.44592076602098485,0.431253165422948,0.4787616102882419,0.5113346570613735,0.5217796610800618,0.5259428413862053,0.5615297490372357,0.5597907744101326,0.5625715829983005,0.5763833824574934,0.6027914583458809,0.5955137954434784,0.6093991337504223,0.6085451673146578,0.5638976132207272,0.6162550792464192,0.6198744834954908,0.6288535328846245,0.6174956304890138,0.647299114804881,0.6438250873851522,0.6329613532136649,0.6252722765809394,0.6173543540094519,0.6312701805844265,0.623107853563585,0.6489250308848711,0.6459382618482926,0.6541424286610054,0.6541424286610054,0.6431893732750921,0.6284462759083732,0.6321242605738442,0.6359624290550042,0.6368035736235703,0.6516894272121357,0.6547585017571869,0.638264368371052,0.6646842242901368
plan_box_layer1_tick_4,0.41959072373994993,0.42316676724257096,0.46479620084637074,0.44408828265138356,0.5022888784380244,0.5404876609221936,0.5447709064081915,0.5279394666623874,0.5775941085880392,0.5876747052499487,0.5751122422647938,0.589805737661435,0.6422729952541995,0.6236841528535275,0.6433335314190647,0.643691246838572,0.5910798468027825,0.6521936547407264,0.6524688101951915,0.6621178155420963,0.6530670044995601,0.6781944972432224,0.6802443845443362,0.6659231893119821,0.6706716235580542,0.6651753997079075,0.6716847315391589,0.6743369831865078,0.675242115860556,0.6847272533966654,0.6869107027522426,0.6869107027522426,0.6644129640204867,0.6604967917952553,0.6727490070091066,0.6728535894069688,0.6728861383030736,0.6852308107960507,0.692896142822372,0.6767867303384779,0.694113198836656
plan_box_layer1_tick_5,0.4266215147198563,0.4261846804453642,0.46344776888451433,0.44749061675398594,0.5189093845541608,0.5533154017842215,0.5595342466832792,0.5432323504722852,0.6009854087893353,0.6169137829405178,0.601803332147627,0.6187490738718291,0.6613546671371404,0.6407238185786962,0.6633586579186382,0.6569046701159229,0.5895541910883177,0.6667176285503515,0.6588378382296955,0.6819271514842814,0.6764240844634581,0.6938185855544694,0.6903358178814368,0.6825573936906891,0.6809269338935926,0.68252059815955,0.6896079445445747,0.6917545480464706,0.6920698509769285,0.7021610996646307,0.7105791659222438,0.7105791659222438,0.6910080352439373,0.6817654749815203,0.6919164466752193,0.6990503803320507,0.6960667777507947,0.7067833550026567,0.7125757979952865,0.7021729137217714,0.7185046756790257
plan_box_layer1_tick_6,0.42950562603925313,0.4288740224286648,0.4783102747093298,0.4622473111827543,0.533612240197362,0.5773478016510554,0.5861759198934824,0.5706756060297155,0.6209323112728783,0.6398160576293055,0.6235206624686083,0.6424346381783204,0.6826023280668755,0.6718891279653904,0.6877201333802682,0.6799389296287427,0.5995321803339956,0.6829574588054692,0.6770291303532978,0.7027626645539125,0.6877243663297004,0.7119373377786318,0.7117858268254391,0.7004894836350968,0.7035200327958464,0.7051137633096705,0.7132866963302551,0.7067628741536034,0.7120782746985007,0.718697483166263,0.7283233296056588,0.7283233296056588,0.7072097905422957,0.7007492185871116,0.7152777089410178,0.7208482630260931,0.7188625339328196,0.7317593895453102,0.732736835920061,0.7150065523933249,0.7365817502326945
plan_box_layer1_tick_7,0.4242836450457445,0.42885892987298585,0.4732437668010238,0.4567288756169837,0.5314331727982404,0.5742358877102222,0.5817834227127616,0.5598384144283651,0.619763681429655,0.6429031826664818,0.6263936337056979,0.6391874283469898,0.690420271130939,0.6696640960023857,0.6936036878359779,0.6889931248052504,0.6011330673346068,0.6936346516455221,0.6884996605366757,0.7099144449866552,0.6915796951668799,0.7172484304511977,0.7144951052247889,0.7071315596690582,0.7092736848931201,0.7099892701264173,0.718235272883657,0.7165844284181153,0.71319014311847,0.7224306713711623,0.7371430198385326,0.7371430198385326,0.7147030623260984,0.7085194136646094,0.724938620219892,0.7255449471565262,0.7258400265822924,0.7355765396376739,0.7394687493875811,0.7296339520918949,0.7475675439296274
plan_box_layer1_tick_8,0.4190320941567996,0.42532474701613293,0.47307860488366427,0.45819373495620414,0.5341685746756155,0.5724424620403152,0.5838161744565152,0.5613518067027697,0.6287902625535657,0.6466564863122212,0.6355332997924947,0.644105835822152,0.6929532305983975,0.6771949687042952,0.7008086487872148,0.6961051509868544,0.6017136344309917,0.6963746308102479,0.6910021662301605,0.7135245279230269,0.6988145060410111,0.7215271833822196,0.7179619766857999,0.7096703240740148,0.7132261410494201,0.716804185309867,0.7196014075653532,0.7212798192901138,0.7206276673455605,0.7284763629134001,0.7440458292351763,0.7440458292351763,0.7192350297927605,0.7120005357029436,0.7323944399340284,0.7296954512712539,0.7317142151023928,0.7417597487372628,0.7490050796112221,0.7365466945259179,0.7555935916948631
plan_box_layer1_tick_9,0.4132967599443533,0.4216707908238829,0.4697430231665164,0.45768536795083953,0.536534395615056,0.5770490837746756,0.5858138166923275,0.5689163754023618,0.6330077965640157,0.6571768497968195,0.6441595941461908,0.6534174723091042,0.6988292254009874,0.6866969095742805,0.7053569647133433,0.7023183954668573,0.6070908963671968,0.7004920481831429,0.695849378515692,0.7176338621309757,0.7043083693732255,0.7306563990878862,0.725730505805959,0.71815616272417,0.720132598905163,0.7200165689527515,0.724571541039878,0.7277927493653944,0.7241723702708944,0.7321901362667479,0.7493379867553343,0.7493379867553343,0.7288932358897516,0.7208759887023843,0.7360467984239597,0.7352772307118637,0.7385670492593353,0.7480743376767125,0.7563761215679398,0.7409049948329747,0.7606209987503334
plan_box_layer1_tick_10,0.40767341146137204,0.4171028618831101,0.4652724823773088,0.45832640071759523,0.5364266011774038,0.5789600056239805,0.5875146770223462,0.5692390148766371,0.6377720016420916,0.6586673971019874,0.6471404056792444,0.6526508010701382,0.7038338208643784,0.6847169868726748,0.7070564338105825,0.7006298700378563,0.6044751879384014,0.7027815419752097,0.697935680150372,0.7216352686990157,0.7043341421060425,0.7309553037090704,0.7246854299440143,0.7200320709759256,0.7239195271662502,0.7207659606880813,0.7252001513520536,0.7296634885977245,0.7245080422208139,0.7351750124908398,0.7518095378458933,0.7518095378458933,0.7320303411056963,0.7199399248122356,0.741164475019985,0.7382661274162835,0.7442026048729541,0.7514021609053414,0.7608527806834238,0.7451796318237591,0.7649041545106999
plan_box_layer1_tick_11,0.40044087381540905,0.4107432564243144,0.46434279580502497,0.4544231618054533,0.5359970796481351,0.5777539434247598,0.5880031667151477,0.5690985465909144,0.6372762762923255,0.6593794066137164,0.6517847735591189,0.6541204795844182,0.7025654492625402,0.6857427211472413,0.710212436359011,0.7040679389630826,0.603697971709542,0.7074364186900101,0.7010680883079818,0.7256921513159995,0.706787111328442,0.734113939623134,0.7271394279623166,0.7198719108931718,0.7241695355670464,0.7235998593314349,0.7326073813555541,0.7366015223275588,0.7302271638063236,0.7363210503798705,0.7566611850278658,0.7566611850278658,0.7369094995921651,0.7250987400623405,0.7416664291811628,0.7390916150087503,0.7482392907306564,0.7564299392524718,0.7637125363165447,0.7525193201565957,0.765671712322807
plan_box_layer1_tick_12,0.3946317869311778,0.40862466903499567,0.46133214675297507,0.45610471101952454,0.536864049169363,0.5794146761299078,0.5913560911443674,0.5725402203266199,0.6385645302811698,0.6611248205738769,0.6533566437689182,0.6561757523194298,0.7049443491206562,0.6903845976109917,0.712186540427751,0.7046333907606044,0.605152012061221,0.7102492120744726,0.7039451635898117,0.7227329295750131,0.7087030491079181,0.7361933832180652,0.7300426451563171,0.7237409014021103,0.7257526625620582,0.7236135991795181,0.7324334146538067,0.7379697069532312,0.7325850509277424,0.7397041833751989,0.7567432747829947,0.7567432747829947,0.7380520930067653,0.7277245192356064,0.7443300355044411,0.7453612933472918,0.7503736483885128,0.7585817370961092,0.7680210772076785,0.7538373209428849,0.7679480896973059
plan_box_layer1_tick_13,0.3913074397368856,0.4048659933450085,0.45832661757039395,0.4533991334255115,0.5347057311659846,0.5803716180351683,0.5882024582559879,0.571260676210549,0.6398815658848643,0.6613925288261141,0.6524753724567522,0.6577905310053616,0.7057934753609244,0.6901710173270968,0.7118596324317487,0.7053599838254272,0.6049160640232759,0.7097694234419609,0.7060926894010366,0.726006960447976,0.707141400844497,0.7363903523186099,0.7314781010433282,0.7259530028793965,0.7282833386996896,0.7269645926138804,0.735227555054405,0.7381981316914964,0.732074248143545,0.7417053400411462,0.7583091091209659,0.7583091091209659,0.7378676693510793,0.7280866707299966,0.743537740005207,0.7451924358442329,0.7535895001717745,0.7595431770967063,0.7652911256978719,0.7551192845457091,0.7711950719057843
plan_box_layer1_tick_14,0.38559121573543303,0.40069252592129284,0.4549496049203074,0.45115557106065374,0.5324931552773944,0.5795857348203945,0.5879946739044708,0.5718767510404493,0.6393988145296351,0.6630483356355246,0.6526468788236193,0.6548301904456436,0.7049850602860953,0.6903938382838454,0.713043328286514,0.7079869838475499,0.6034479943731268,0.7086581067023545,0.7061147255844411,0.7292438194301317,0.7094980403190287,0.7364577125110487,0.7325603529166133,0.7276107097514626,0.7298653412213344,0.7291188108719836,0.734427935910076,0.7378511712502384,0.7308899377651591,0.7423318833825027,0.7601990875376186,0.7601990875376186,0.7402612499555932,0.7283120195779953,0.7456309997046769,0.7456234895505525,0.7522924957659928,0.7592614215939253,0.7695809533719353,0.7559586815563932,0.7719082447855552
plan_box_layer1_tick_15,0.3805149760012387,0.39805794185420257,0.4528294481748004,0.4511853791897137,0.5311521673513003,0.5778981603477298,0.5884167626744891,0.570328879872252,0.6405714339697557,0.6627815622407314,0.653480402767459,0.6583274987247769,0.7067190127093543,0.6894672844037845,0.7146523039621024,0.7083303038205205,0.6030885205752524,0.7104734223878564,0.7088839555888049,0.7264821077779251,0.7135782782279861,0.7387682513755617,0.7320796168976252,0.7272954635737918,0.7309465914355864,0.7289714996334664,0.7344149824085754,0.7406834610925064,0.7339133558765094,0.742194496814512,0.7575065951346298,0.7575065951346298,0.7411366276784825,0.7297815107578062,0.7448017930669263,0.7459356888138464,0.7541666698685348,0.7624867698840267,0.7679624798365963,0.7576428345123551,0.7696461150523868
plan_agent_layer2_tick_1,0.3481565644805338,0.344721877234209,0.40341178380107506,0.3493724633067473,0.37210306662648107,0.40508697113287495,0.4008248525470579,0.39552589134185373,0.39360430881423014,0.43931335876832317,0.32997054384200114,0.3190282928211945,0.4214076009461033,0.4323431392600486,0.41711068514172284,0.4258115209798177,0.36938987850846255,0.4532534975717174,0.4786838603789185,0.4726585882064366,0.46869228307968996,0.4438325170790277,0.46060311867828085,0.4338202455194537,0.47578154819024104,0.46188410777658484,0.466899763088204,0.49587139727480894,0.47496464937025407,0.48579430624229325,0.4733708284726824,0.4733708284726824,0.44678789412274045,0.4901541333668044,0.48696511395399494,0.5080412529300838,0.5141309622868931,0.5007960424939639,0.4830749985842364,0.5062873446071652,0.49945476538690076
plan_agent_layer2_tick_2,0.38244161249998976,0.42243162038705373,0.4512842198957657,0.4226244796800005,0.4943583985432918,0.4885828456892659,0.4924759542009639,0.5023885354155085,0.5098309402629055,0.5211614243292879,0.5115061342306523,0.5087404720830783,0.5532014870275022,0.5268858577721656,0.5656750573346215,0.532514410386476,0.46545471888650863,0.5763164108303694,0.5736821768610278,0.5905008253837528,0.5840658320093038,0.5943589042072004,0.5909679173016418,0.6075476203388749,0.597558403091838,0.5963394358561067,0.6028878244437799,0.6019168107416182,0.6035679072548668,0.6179455362497082,0.6096773407923445,0.6096773407923445,0.6189334909269536,0.6168474434032901,0.6200772104383889,0.6095980364283501,0.6217420709594601,0.617186054476074,0.6159567786955571,0.6266767895658518,0.6278448426698728
plan_agent_layer2_tick_3,0.3375903312908315,0.40510816383573045,0.44790437545379935,0.42927625989574414,0.5153796306335969,0.5296431429906964,0.5351769474722529,0.5499269923485619,0.5677047301658977,0.5737376297216054,0.5771008289099491,0.5727011344410917,0.6099486395857636,0.5983360511938451,0.6258373721002446,0.5904834270149711,0.5580927635198283,0.6309973888651523,0.64319548461457,0.6381864036867032,0.6313180552659475,0.6435064319755568,0.6374599362821146,0.6506485045405423,0.6327036689066871,0.6444627110854967,0.6498635562455481,0.6567375429233595,0.657266383894193,0.6718332872611656,0.6570823534287399,0.6570823534287399,0.6614560584208087,0.66579326637625,0.6652229030589283,0.6692012876959155,0.6710837789157954,0.6704949107340822,0.6705067651429361,0.679751515949984,0.6716025558638268
plan_agent_layer2_tick_4,0.3551531769261928,0.414399329169927,0.4553943744639198,0.42818827571008866,0.5321838429074022,0.53841952768291,0.5489355007994959,0.563642821992871,0.5828375419907645,0.5953195557504787,0.6010729595802409,0.5944429464691294,0.6347864459113005,0.617149791739757,0.6576498456191417,0.6210098406860116,0.5731981282698014,0.6681489181412713,0.6692173770225083,0.6690653997956515,0.662566447439071,0.6792379852058077,0.67652656238314,0.6862714394549004,0.6725455741911519,0.6784127482627353,0.6913270648508721,0.693493678563281,0.6936842682470805,0.7082440347729129,0.6936569857082677,0.6936569857082677,0.7003358627037681,0.6948530629180132,0.7016359031103095,0.6986900879998144,0.7064631888072326,0.7037047162004764,0.7073606842691558,0.7179350430561067,0.7063225422072024
plan_agent_layer2_tick_5,0.37071075257838987,0.4160635948197844,0.45793270707450756,0.4315170946114792,0.543693161896502,0.5441721552019698,0.5591155908104997,0.5778787564347627,0.6003194194606554,0.6159361305647983,0.6230651743230053,0.6086311057021725,0.6553858299593941,0.6348496562219352,0.6773269286380936,0.6392503974631134,0.596185775333237,0.6815849804673133,0.6914793230029247,0.6865611927944645,0.6817421493456335,0.7020245244423018,0.6995013674965768,0.7066413693766763,0.6922939245901201,0.6997381080719771,0.710885279433747,0.7163484931129396,0.7172893150983695,0.7335724225123508,0.715085006453865,0.715085006453865,0.7228633160959401,0.7172004655931392,0.7213232405133041,0.7200678904228395,0.7254966988346531,0.7253772134762675,0.7328546008446344,0.7401373458850009,0.7304347342998583
plan_agent_layer2_tick_6,0.3657704270925695,0.4174255831786103,0.46668773306671907,0.4400755931331868,0.545078809231804,0.5569709237394298,0.5681842963261321,0.5898342346995109,0.6149623146602271,0.6304863879946978,0.6369108453407492,0.6250751254641363,0.6711359091078394,0.6516339660778574,0.6927840016845024,0.6626757410808508,0.6038959530093548,0.7027445202612759,0.7056375451763748,0.7040709505832974,0.6972876062090965,0.7173401213001951,0.7155007626643278,0.7249611038739991,0.7068858112745398,0.7161050448596187,0.726374817326666,0.7336124555106207,0.7379614956675443,0.7487769520821621,0.7298048178281303,0.7298048178281303,0.737289331676702,0.7285043746850239,0.7350317764938361,0.7328875657907349,0.7425058656542193,0.7429498075047863,0.748997610042456,0.7559418067536428,0.746343139014616
plan_agent_layer2_tick_7,0.3695436308270771,0.4161837570605056,0.4677739235821493,0.4404333674124306,0.546018066854143,0.5568872526764395,0.5724295987968766,0.5941466166178468,0.6215775412452087,0.6378479317084274,0.6419887626202366,0.6287977453018903,0.6782196958677481,0.6580483778156447,0.7067785752149957,0.6695676861190949,0.611187686163413,0.7132170141582355,0.7163894171530538,0.7156327764007278,0.7090806222110139,0.726845630429836,0.7260284489478371,0.7336667511587917,0.7190572922287272,0.7276836487629446,0.7388684598034979,0.7467375960748195,0.7488501077631756,0.7637846809740036,0.744442559298651,0.744442559298651,0.7483931126753409,0.7448238963805874,0.7497529625362895,0.7458280986907188,0.7537776814656865,0.7577413708042187,0.7597025547714693,0.7682462817554538,0.7580111121149001
plan_agent_layer2_tick_8,0.372291483205791,0.41667540137032794,0.46770827494958683,0.44162305014374964,0.5478307166868202,0.5606868031256604,0.5777475740372617,0.598469388166072,0.6301774609585229,0.6441884185207752,0.6505794697005252,0.6357288001257243,0.6865965320648255,0.6646217345619883,0.7144066466627916,0.6813998958617697,0.6182969743533229,0.7238255674141896,0.7237046392130502,0.7218903958050498,0.7165197428344213,0.7375743623536819,0.7357117236146082,0.7444734017415787,0.7285751053541688,0.7378370732324846,0.7508080406687001,0.754092963098867,0.759522422023579,0.773855561856176,0.7525302330831956,0.7525302330831956,0.7606994243586908,0.7524658106946688,0.7571241973061643,0.7553127266461382,0.7602590342683883,0.7660626509244707,0.7695969488433805,0.7781223634195771,0.767021551538001
plan_agent_layer2_tick_9,0.3717744844483092,0.4164688851664707,0.4702694505075516,0.44460589383190713,0.5513108499244916,0.5663034652545976,0.5822293730300283,0.601146111567765,0.6338264415644561,0.6477681379635964,0.6553709080847985,0.6392427329478518,0.6900349353877399,0.6694539864424065,0.7217984014667946,0.6880174831586284,0.6219793492166519,0.7316206068935939,0.73079268954344,0.7302962424019752,0.7242798808868867,0.742565329682144,0.7399647888191849,0.7504844616672038,0.7322604236077848,0.7443572700499097,0.7549703329403993,0.7610507011216258,0.7679205832659652,0.7776938473516937,0.7599575684073991,0.7599575684073991,0.7646064310027822,0.7607303854583101,0.7621634326238331,0.7622300899465714,0.7650757796503963,0.7744266275190053,0.7750271101473313,0.785003882037171,0.7724033501509251
plan_agent_layer2_tick_10,0.37281308819410575,0.41714254685275004,0.4705608839052893,0.4450117123368639,0.5509758972135277,0.5670699242772638,0.583864610329566,0.6040338424040417,0.6343088228942564,0.649797274984649,0.6598937212087806,0.6421733589260002,0.6944619380207022,0.6723960608162767,0.7289468279153954,0.6904364633531338,0.6231691405232278,0.7354717546487499,0.7344695097144873,0.7339426098897762,0.7300667246725039,0.7474212128650344,0.7447994938405592,0.7553032239322943,0.7401471004190752,0.7484059911479845,0.7603488406714343,0.7673505177394363,0.7735565432874812,0.7834381696697663,0.7655022650231907,0.7655022650231907,0.7713220388500502,0.7644187644842537,0.7701868803913146,0.7678834312488266,0.7712618266174353,0.7768481166452457,0.7815623195262476,0.7904805109822033,0.7778026318654403
plan_agent_layer2_tick_11,0.3737773095089068,0.41737031130612945,0.4717444465426718,0.44431776464004874,0.5515300076194272,0.5672847157919364,0.5828161495338292,0.6055720452204932,0.6365320927422943,0.6516567362201952,0.6603349333301332,0.6453626077983176,0.6976018889803419,0.675561282120688,0.731654034326891,0.6918424137185181,0.6251991041239391,0.7399388723466722,0.7387490077621455,0.7362028427987335,0.7341050842637711,0.7507849749421973,0.7495051527509047,0.7586421899338338,0.7431638255411992,0.7539852084193714,0.7644569128994051,0.7708830786230335,0.7762805167598545,0.7897280252627692,0.7703164776540402,0.7703164776540402,0.7756313780323061,0.7696325226178249,0.7738132691790197,0.7726493322335758,0.7766820972863,0.7809632310482174,0.7826884102632226,0.7925489653587535,0.7824697405579211
plan_agent_layer2_tick_12,0.37321174321462064,0.4179187587988989,0.4721690938213368,0.44491585819519897,0.5514907857776616,0.5699137748536302,0.5850599373448098,0.6074642796216778,0.6367744872093068,0.6540217784326839,0.6636396055851406,0.64741831698503,0.6983136951075724,0.6787616806614004,0.7341507835613013,0.6959489364853255,0.6265999317718276,0.7408407744618734,0.7408887007876717,0.7399272874491595,0.7372086359719141,0.754589032521565,0.7522539968424707,0.7619745184107417,0.7475789731992696,0.7568616381751664,0.7691763148520444,0.7738217336930038,0.7800728860671582,0.7922556897788396,0.7742577381107887,0.7742577381107887,0.7787839150869327,0.7742685073429612,0.7766019504999843,0.7749568161442769,0.7799749170915463,0.7849879088895911,0.7863721277579938,0.7973016914939058,0.7856703009251989
plan_agent_layer2_tick_13,0.37395261125461593,0.4170991783424257,0.4718868241494585,0.4443975966202586,0.552675932523965,0.5691421177497483,0.5860755448494663,0.6079440614841765,0.6389945996507378,0.6543269861764928,0.6639221864346877,0.6491777155558996,0.7012050118827593,0.67936063599087,0.7350101317356379,0.6952935169735353,0.6267913361156172,0.7440869478865224,0.7418165001401965,0.7434083848871363,0.7395214332458514,0.7568754608076589,0.7518654036839623,0.762660787164327,0.7500794466423581,0.7606107409984085,0.7701513311800579,0.7759323399132664,0.783143363390584,0.7955699874016613,0.7765818059399271,0.7765818059399271,0.7819508146723999,0.7750209960733059,0.7785227931136653,0.7778098429938952,0.7800639905826021,0.7887780761031591,0.7888738188394347,0.7987206715030644,0.788554133233257
plan_agent_layer2_tick_14,0.37409588322452675,0.4179873155538094,0.4713340320143809,0.4450339896385807,0.5526206435514441,0.5696368726537873,0.5845477149797061,0.6078992571831063,0.638773359876992,0.6550638210186157,0.6649342747326565,0.6512500196052446,0.7018012724961288,0.6804897101772378,0.7367232481985461,0.6977031089631334,0.6274956546761785,0.7457146540857919,0.7441908307830527,0.7454606363632138,0.7402538215050214,0.7580557037596617,0.7546013828279466,0.76369158664778,0.7529078229615619,0.761398059474107,0.7737760297878342,0.7780083039930629,0.7848261357430424,0.7964776759666284,0.7783450062829756,0.7783450062829756,0.7815083751771758,0.7777819489598403,0.7797764113537001,0.7794332971630203,0.7815800005394437,0.7898471431526077,0.7913074880402228,0.8018823100384639,0.790073275907232
plan_agent_layer2_tick_15,0.3744864208726428,0.4171965841176144,0.47181949687223235,0.4456216640223526,0.5523917489442176,0.5700184744722009,0.5860359238452364,0.609107723570105,0.6383169480050828,0.6555451443713332,0.6656504015627893,0.6514354701422118,0.7013575245946642,0.6820016356394312,0.7385599820400073,0.6988349616247846,0.6272594206816252,0.7473244398392348,0.7462943223291563,0.7471854023044534,0.7413510617617928,0.7593137900787708,0.7558360744010649,0.7680812350162785,0.7554548493599953,0.7632855707149109,0.7748365804602454,0.7783148391043377,0.7861115745583287,0.8001552992632529,0.7795113367947095,0.7795113367947095,0.7847491206458546,0.780171052518349,0.7800633589466368,0.7813303235024829,0.784576621922771,0.7924084761171276,0.7925522091281385,0.8024116990509185,0.7910197297999362
plan_box_layer2_tick_1,0.3615867563245089,0.40096774058496143,0.42072537103793695,0.4077077927257998,0.43710860657505507,0.46449594251748005,0.4611147456513007,0.4444209829893446,0.4397609301614877,0.42610001279593235,0.384247515472084,0.40072011361678317,0.49891643301685706,0.487491378008753,0.5315917517717915,0.5121530914504071,0.41495446578251033,0.49598355185595544,0.48113370958855806,0.50045000689236,0.5217563733288012,0.5042937369294226,0.5056559039315605,0.5047075117851809,0.5145283686024509,0.5176317907940687,0.530578811157941,0.565764406505809,0.5447112491308304,0.5414824534170075,0.49401449063539093,0.49401449063539093,0.5311074081039749,0.5397555589470192,0.5738288809102965,0.5315584138620315,0.5550039842446179,0.547780853530606,0.52107464645953,0.5471645786772409,0.5511513273664244
plan_box_layer2_tick_2,0.4243709583456826,0.46756254469905584,0.48434389740908734,0.47342200842581994,0.5385653904747167,0.5343865793234094,0.5575607979037096,0.5473862632674222,0.5786645010636937,0.562217036456228,0.5594783311891258,0.5631425291666109,0.6134327647394235,0.5817058960055889,0.6290374666928683,0.5945235865068981,0.5418636138013919,0.6506568300346214,0.6272396361321262,0.6602093530075013,0.6490033801282271,0.6649292206218171,0.6738255890939288,0.6743743856546264,0.6453833805498134,0.6701585623080749,0.6921558087243213,0.676649063192493,0.6758163891602862,0.6933188480203711,0.6914027736188239,0.6914027736188239,0.693382740739068,0.690349887077731,0.7012170099329802,0.6726540246572471,0.6907755829927614,0.6963062271727118,0.6869013675926875,0.6933839601347841,0.7058940306779693
plan_box_layer2_tick_3,0.3794645805604767,0.4335621291074737,0.48889399377633025,0.4833580238170844,0.5706179535122052,0.5909255253944116,0.5927337975087108,0.5975750604453905,0.6397988212899349,0.643513044686755,0.63653599486475,0.6479464905509948,0.6820168377199234,0.6822641660345146,0.6963769969041023,0.6827357215611014,0.6584573283161852,0.7151987684673256,0.7167490786121682,0.7183841770236813,0.7171712515868238,0.7310608360874429,0.7351844654804591,0.7280692560581756,0.7066342232775208,0.7246369197318612,0.737353406501536,0.7356416331263833,0.7341609012984016,0.7530340869088811,0.7455829784573654,0.7455829784573654,0.7409948720241797,0.741821589279825,0.7510151201081146,0.743668086675924,0.7500748251335885,0.7569302593087008,0.7629598201413913,0.752685168173237,0.7615057694836735
plan_box_layer2_tick_4,0.398678078292253,0.4560284062835759,0.506156855848207,0.49407834164725034,0.5816026356828583,0.5975840330212028,0.6031681048588015,0.617100701465345,0.6576259127840556,0.6639483047993542,0.6563674059247907,0.6686755948546275,0.7062139026652242,0.694714850528692,0.7234909588830367,0.7062811583275636,0.6740933697317917,0.7445028642312222,0.7407393792773489,0.7440562851727004,0.7449415363950305,0.7514013319881335,0.7583353009679021,0.752717309555152,0.7410399732852762,0.7547977423065962,0.7713391302881167,0.7648861086060575,0.7621658304662042,0.7783347932342197,0.7794700297659463,0.7794700297659463,0.7724967596349445,0.7692676456127374,0.7816055840580658,0.7718601284854826,0.778928929325912,0.7862365372675846,0.7869008807788502,0.7829919343367333,0.7887048825539362
plan_box_layer2_tick_5,0.42137141842470394,0.4660506346278711,0.5143900128417596,0.4961250173496142,0.5987752772958694,0.6119143918539149,0.6206739079930481,0.6225728855190309,0.6758854266265266,0.6772936084549881,0.6689345633191507,0.6858614643256,0.7195927799248614,0.7113659905337931,0.736131850723409,0.7179476841829822,0.6949514888421264,0.7561307653898577,0.7558258671786144,0.7621995993713788,0.7618456006796059,0.7710289886043945,0.7768134528566379,0.7736867784456177,0.7573220938100189,0.7777641060121235,0.7893311207702116,0.7831432132279763,0.7832364242138369,0.7989143811903328,0.7986920108123896,0.7986920108123896,0.7941332292945938,0.7909578942476263,0.7970429749506651,0.7944129380328155,0.7995371503873175,0.804871086332074,0.8095262917439818,0.8056941260013041,0.8112214978629041
plan_box_layer2_tick_6,0.4234366730338149,0.4692793059853397,0.5247898372936513,0.5192062268683109,0.6044280159260398,0.6255203505407904,0.6354069151415562,0.6404825951917281,0.6889329131128362,0.6915084845773938,0.6896790145174692,0.7041358176246953,0.7333192177876415,0.7321599287078521,0.7538312758258543,0.7397230475567401,0.7052908920074975,0.7693698445393726,0.7724421829275698,0.777767885131199,0.7753456128063126,0.7869661116461907,0.7940965964616257,0.7862338075131298,0.7779570087043892,0.7918132678305447,0.8015090525991697,0.7989389829409757,0.8034369213786163,0.8138842912119936,0.8131715078805304,0.8131715078805304,0.8099876894884487,0.8045016032043358,0.8146733990302192,0.8102609585270724,0.8143886001993133,0.8208758704427552,0.8263356128327185,0.822703759161908,0.8237677873077262
plan_box_layer2_tick_7,0.4278073763833892,0.47205860324125026,0.5278791472281589,0.5211440335910837,0.6062943584223857,0.6248013336747623,0.6376003907210619,0.644197602764179,0.6931842520300983,0.6960415014868182,0.7001099444669048,0.7098326310478515,0.7396626149825665,0.7325495545005765,0.7572045924263536,0.7453560746664089,0.7097821958818389,0.7740879248984205,0.7767481627073619,0.7806801424964468,0.7781806568593596,0.7934354200445167,0.8002633376643222,0.7929610057289618,0.7833901825828511,0.796301194136068,0.8115933013179817,0.8049629391129838,0.8097581789424686,0.8229778753665908,0.823495215947483,0.823495215947483,0.8198661596905623,0.8143886360436212,0.8230350839681371,0.8210124124233158,0.8232633290700637,0.8318783242192929,0.8336040787062016,0.8304595123046938,0.8323659569452084
plan_box_layer2_tick_8,0.43148593997140267,0.4727790932835695,0.5304496519140631,0.5250938171960351,0.6091051730946437,0.6263688880731084,0.6364658925037973,0.6486485071058082,0.6972942924023521,0.7017433420517429,0.7077165381131982,0.7171586118708602,0.7451558210732406,0.7429587133604446,0.7629184575686747,0.7519800726190751,0.7169129492737107,0.7808951600383472,0.7818481115213034,0.7899195781511338,0.7895093863389627,0.8042447500662547,0.8058812639249412,0.7995053457600609,0.7928395071072344,0.8041502890274265,0.8178201776150207,0.8167456129512136,0.8185290221384875,0.8330764960314452,0.828795581911033,0.828795581911033,0.8260829464659685,0.8224234101776506,0.8314819795612977,0.8291425646609433,0.832696372424213,0.8389604220273832,0.8400886123890663,0.8394938934501255,0.8407839299540874
plan_box_layer2_tick_9,0.43309059288718077,0.47276811062339147,0.5322596965010503,0.5302015109403575,0.6103925914853815,0.6331728272530044,0.6441095684713406,0.6543460818550454,0.7038725186002268,0.7054594323941414,0.7129153332941646,0.7212899935649691,0.750797428726005,0.746071475410965,0.7713493985591218,0.7578032092972127,0.7185544163204383,0.7840249511757775,0.7859357072851209,0.7948632222284548,0.7956258902010989,0.8092966028997676,0.8129334638270971,0.8062572499429426,0.8001713135894242,0.8091262339914426,0.8207248093320423,0.8214469235564739,0.8223118293493039,0.833661981116587,0.8334650182228334,0.8334650182228334,0.8333305227658021,0.8296298183231681,0.8358162471176854,0.8342653256621798,0.8385974729921302,0.8473529745322027,0.8499640665951274,0.8472268002747418,0.8452557978280991
plan_box_layer2_tick_10,0.43282063685122746,0.475406024127464,0.5312879764232818,0.5289032075467102,0.6122332631022793,0.633835675910168,0.6458677082111612,0.6558337842315212,0.7078085738021175,0.7079410221223483,0.7178194535400043,0.7241073928439251,0.7515461434699334,0.747553792064975,0.772772352652298,0.7567779510916515,0.7193770701483794,0.7876787263950061,0.7902954334222213,0.7999235525028637,0.7994349987857203,0.8103358122878387,0.8153663272787597,0.8066354818566669,0.800349346157167,0.8134108632597374,0.8254558048858829,0.82655610849983,0.82892431075376,0.8386735833593072,0.8365360620339566,0.8365360620339566,0.8366380357345067,0.8323894291278174,0.8384070310951703,0.8375260105108785,0.8415277479779352,0.8489255450705787,0.8509908348354145,0.8515040235863218,0.848852124302363
plan_box_layer2_tick_11,0.43506282948363023,0.47467345877312395,0.5316016846036093,0.5286984647867354,0.6119884102321734,0.6346317371322039,0.6473844283002224,0.6590075051401302,0.7078170088721937,0.7082491787687341,0.7190526211095968,0.7271972424094869,0.7551292409099457,0.7504291592245128,0.7751179913681933,0.761014188879264,0.721649350737823,0.7911818869669078,0.7901460372414594,0.8011926919616176,0.7989597796252899,0.813550055618051,0.8208936438020341,0.8107709257684184,0.8047560239533373,0.815233467936387,0.8255535979000175,0.8297152172619068,0.83317988276951,0.8404063268380935,0.8390617093018802,0.8390617093018802,0.8409480831879904,0.837211283229603,0.842094660908327,0.8386803850562277,0.8438140581326288,0.851360017703732,0.8538953894702563,0.8511621124160967,0.8501217592643165
plan_box_layer2_tick_12,0.43426053551643173,0.4746304136594072,0.5317507081657789,0.5306380548243653,0.6114478437166356,0.6367405470396144,0.6489671561612452,0.6621241465898149,0.7085925145306474,0.7107049285071598,0.7210310066650274,0.7275731824010883,0.7573488893926352,0.7501437370090978,0.7764745584793185,0.7626200255237441,0.72233284912684,0.7935499964427851,0.7917955656647292,0.8015484509451738,0.8034150718982239,0.8160094622541608,0.8201278697586132,0.8128979064073458,0.8064415438483546,0.8179635274174114,0.8275876538938893,0.8326105114281306,0.8350570517884289,0.8433243438684469,0.8412298042284018,0.8412298042284018,0.8420766171438748,0.8363294205237025,0.8453159767252728,0.839382918414516,0.8455095712552622,0.8540385472750168,0.8570153549742658,0.8537399500345135,0.8525335252540162
plan_box_layer2_tick_13,0.4370337146508037,0.47354582133642975,0.5332600243297055,0.5310515807542758,0.6115090224676797,0.6343467619138813,0.6492372781356064,0.6623554145685275,0.7081964434114172,0.7111117923628096,0.7203964143347366,0.7283869537763747,0.7595485850910864,0.7507741183686376,0.7787607929640343,0.7615595558715503,0.7221409063366456,0.7932249117828916,0.793524793616724,0.8042231712870365,0.8026411289686642,0.8154275516581337,0.8195045221810547,0.8151526184106153,0.8081488706171995,0.8198322712881418,0.8305675515692548,0.8338360897848102,0.8364394542272885,0.8455728781789125,0.8410182647964077,0.8410182647964077,0.8428373828284513,0.837662709011157,0.8460133052001513,0.8420475540491023,0.8478368350520252,0.8559325511040734,0.857894915337148,0.854684798236444,0.854732529753343
plan_box_layer2_tick_14,0.4377990547211879,0.47330384429596684,0.5330390387520934,0.5305556717825164,0.6133082334921128,0.6347747178552255,0.6510019051179509,0.6625311091614342,0.7099872397138421,0.712682507562642,0.7215521932598119,0.7306765693425245,0.7601583026649761,0.7540690545339339,0.7818424900060009,0.76519568141238,0.7219087070668521,0.7940268039925428,0.7934820517623626,0.8064564491047029,0.8041107941444567,0.8169514043805972,0.8189869497719645,0.8173587786497187,0.8102071276146592,0.8222532053005034,0.8308556469894854,0.8325089050606271,0.836725613805487,0.8453655360655918,0.8440638094869231,0.8440638094869231,0.845280252912735,0.8397640324573036,0.8457140589198039,0.8453658795582788,0.8480266197043704,0.8565680725928978,0.8582518802633825,0.8575012352069089,0.8548658469230807
plan_box_layer2_tick_15,0.436857084262379,0.4732578225915476,0.5330526823456684,0.5307081147968832,0.6140277100164726,0.6360993015906837,0.6513716216907983,0.6633503311453618,0.7112323230007132,0.712002561968632,0.7203499322936597,0.7332033444092149,0.7609950386050632,0.7512977325592165,0.781661091944856,0.7668083340217979,0.7208158504573907,0.7924140748858486,0.7922534110416902,0.806343917412949,0.8066797256545257,0.8165982043046528,0.8229023550634625,0.8161952112941936,0.8130787468182398,0.8211816104595787,0.8329433139532657,0.8333375613995049,0.8375772917614531,0.8477803018720664,0.8436590536758051,0.8436590536758051,0.8434087983739117,0.8407195018846254,0.8483165228069826,0.8456875145752883,0.8492444245149315,0.8589341218291212,0.8607561583013237,0.8571405347636596,0.8558424564562866
plan_agent_layer3_tick_1,0.240975648826301,0.3103953634539164,0.29062741033853956,0.30132123245668285,0.3690725466116452,0.4376152304350553,0.4391263705412959,0.4384406658793515,0.45532452126254197,0.4774331669667732,0.4522383989968559,0.4688169067842331,0.4717612988498311,0.47214747936558393,0.4540839376153157,0.46278712364224717,0.49484087058445,0.49176252218881444,0.513649695298447,0.5018964335864242,0.48473286606011656,0.4886495277803461,0.48378438706344157,0.4786957163677575,0.48331111598465065,0.45949341030461943,0.46843881975331036,0.507762080507358,0.47457170906356116,0.5114422125311651,0.49619838461850085,0.49619838461850085,0.470046736443554,0.49191296819116753,0.47874673539859797,0.4631558225011985,0.4969820880909266,0.47607152226100774,0.523198074610704,0.4979837045541823,0.5345741312634432
plan_agent_layer3_tick_2,0.3914495409685469,0.39902010053666925,0.4038395085107891,0.40378615620424474,0.4420990596767269,0.42150077810274683,0.4377883790200371,0.44761686520811317,0.49990194676837635,0.4875240321008537,0.4963948390247125,0.49652716474571285,0.5271708806558066,0.5061013795751507,0.5397894844263927,0.501350131056569,0.5617353303465187,0.5423595405174336,0.5582017914682792,0.5650083791231281,0.563876189545608,0.5680428797399871,0.5427007745996241,0.5804122270992202,0.5688550073207246,0.5604652353681179,0.568279086192796,0.5914013115565948,0.5878414104517697,0.6012657343708968,0.5878921102946771,0.5878921102946771,0.5977438503952376,0.6139068435913568,0.5994365904671197,0.604357393053016,0.6138825494299868,0.6125159877229699,0.6029036213861501,0.6153668593653365,0.6157514459654474
plan_agent_layer3_tick_3,0.3441407081721675,0.36338675991581687,0.39801443027800615,0.40647080974197564,0.4476710676660317,0.4720796364612254,0.47021616197820465,0.49273863826429876,0.5342194437773787,0.5365798935086039,0.5451719466518741,0.5422179354899755,0.5762250068070106,0.5694431749822332,0.5855816066308549,0.5656821416460381,0.6061781303235849,0.6117612086456745,0.6212832517067908,0.6275537102388073,0.6151293743662845,0.6315080545878307,0.6247396440017174,0.641922053675193,0.6301464182884946,0.6395410486783523,0.6512097596876792,0.6488594742064709,0.6548736676331618,0.6672538479624782,0.6509863818608419,0.6509863818608419,0.6523254718274543,0.6631064799090722,0.6503538534271809,0.6542150389703669,0.6535017749316668,0.6519253137976168,0.6584067456606312,0.6667610055351794,0.6624691682395374
plan_agent_layer3_tick_4,0.377283305807175,0.3849871445963674,0.40269207249976136,0.40120306725470883,0.45487722731250135,0.46794545612243993,0.4807341043206434,0.5005498088752045,0.5480213403282023,0.5562288661742892,0.5626644719297184,0.5669187262678452,0.6005612015637385,0.5887525186378278,0.6205754377789833,0.5956086990358489,0.6264723757639981,0.6383334370219635,0.6446811690708739,0.6497936652865265,0.6417247969614513,0.6587170241451018,0.6563446253419091,0.6639565421380319,0.6616992410611164,0.6626946254954861,0.6753483338987516,0.6831611854814775,0.6881668962153024,0.6931239478432257,0.6804825740278513,0.6804825740278513,0.6850175819281877,0.6965895659345444,0.6855063235188371,0.6863763712900954,0.6899628205028004,0.6870915746617513,0.6930361297814673,0.6995653507141222,0.6963067075591949
plan_agent_layer3_tick_5,0.3685198652289675,0.3870467799878422,0.40885595041931017,0.41196181722803826,0.47134876648400087,0.4781073353147412,0.48982093589818854,0.5181280297998131,0.567417779436721,0.5728182517237187,0.5843388818055106,0.5813908288761376,0.6185999177937855,0.5937950481114689,0.6350863454392957,0.6057616941313055,0.6459718868551814,0.6574842539686304,0.6616718940759101,0.6672098643772302,0.6558796946294102,0.6712628947040072,0.6719058550370488,0.6817135897250187,0.6761412636247626,0.6838769759394443,0.6969343526006044,0.7023327061071514,0.706325628403378,0.7118890735166807,0.6943504616513658,0.6943504616513658,0.7006715052392428,0.7136302655310411,0.701186361265532,0.7011497414924398,0.7039782525035572,0.7033061386244156,0.7064029099420003,0.7183462206909423,0.712558101559082
plan_agent_layer3_tick_6,0.3641428657859588,0.38618556846194146,0.4105818411717612,0.41556286305947454,0.4738961773280799,0.48667814003159665,0.4948783143747044,0.528530443016001,0.5752276613322155,0.5851296203247838,0.5984332849868912,0.5932668309028707,0.6311620825112394,0.6161734006549799,0.654811498480907,0.6305753762962204,0.655409731211199,0.6741856189167008,0.6800264686261774,0.6857139582582604,0.6747252816825119,0.692946447487165,0.6902269244699772,0.7011441431198879,0.6984879705574318,0.7004023313166967,0.7134981970750511,0.7170905908662115,0.7192159234574669,0.7282225582873643,0.7115530000803929,0.7115530000803929,0.7200554089572727,0.731269487698005,0.7198980257530885,0.7195783486162384,0.7192886925510618,0.7207004245594615,0.7252165936804741,0.7398618423440928,0.7290318791166362
plan_agent_layer3_tick_7,0.3703898455854681,0.38569920319245765,0.4087648170396734,0.4104354307989958,0.47367571556309224,0.4854788121913861,0.4984619332970494,0.530973235033305,0.5850116449623847,0.5931078567552192,0.6059687527896609,0.5970853037276352,0.6410331639028547,0.6190784891268407,0.6641256442380733,0.6354283004216287,0.6624718527361472,0.684305059438121,0.6875311531814068,0.6903043133856195,0.6849332570191318,0.7003713685347377,0.7018184965849493,0.705835309011748,0.7075128745897428,0.71128448357794,0.7237333808881077,0.7277778863722256,0.7324034644523536,0.7378940129489346,0.722918209390271,0.722918209390271,0.7295110608374606,0.7439914064018248,0.7285116349210418,0.7295170246259819,0.7308881447007233,0.7315748884505937,0.7352764143337545,0.7515095977508519,0.7394755204504068
plan_agent_layer3_tick_8,0.36857635355596646,0.3835046966844507,0.40910169443400035,0.41299960427028426,0.4766694899098719,0.49164754051009335,0.502150277699418,0.5375695339213167,0.5900696736868927,0.5945707246717803,0.6124052543287615,0.6039573211054897,0.6469284127102262,0.6266621762377675,0.6721239880706551,0.6457952903722886,0.6687470915003786,0.6898609525216195,0.6957878483206195,0.6980574542891564,0.6931806880791581,0.7059685715658881,0.7101968063581898,0.7148109727224096,0.7146940982252861,0.7200745313914351,0.7345783177303454,0.7347220231994523,0.7393769343151513,0.7459830075692263,0.7297007315546462,0.7297007315546462,0.7371126022845486,0.7518086115979077,0.7344008465688047,0.7380634240552826,0.7385043807984737,0.7410088357215423,0.7457798485169405,0.758690573267697,0.7484193042398081
plan_agent_layer3_tick_9,0.36632493756695533,0.3825672101955811,0.4117394236789437,0.41390002002625126,0.47608185812763104,0.4945059951381057,0.5056757127522921,0.5386130596916855,0.5882711183931731,0.599594108050562,0.6141365391607041,0.6076888422937582,0.6517919078667769,0.6323852112720904,0.676891458720979,0.6516450614452323,0.6724864287969167,0.6955992390720274,0.7015035623229406,0.7038701884684673,0.698213493906201,0.7112960092213731,0.7141485109773702,0.7211701947324016,0.7189151335101209,0.7270103276435744,0.7406199484564248,0.7422632923641851,0.7480368295665696,0.7536923206884463,0.7382006564509909,0.7382006564509909,0.74439659395037,0.7591667904630971,0.7432395020892291,0.7446699514224994,0.7475425336165231,0.7491628585102111,0.7536528658588665,0.7682026501137018,0.7560510492112759
plan_agent_layer3_tick_10,0.3672987595071289,0.38222586993460206,0.4081472290823447,0.41216133093386825,0.4767355799326465,0.49411920524545083,0.504856580515865,0.5400372812913693,0.5941506206393781,0.6014544304723725,0.6174973310681767,0.6098700082354792,0.654145202918397,0.634913086656405,0.6819506588723423,0.6575087874108582,0.6768952336637369,0.7005145443568745,0.7038381658050127,0.7073521668556113,0.7030527741844117,0.7143910818803254,0.7195852776862277,0.7259267095784938,0.7217305101126603,0.7322369102477475,0.7471700784015416,0.7471048716485307,0.7542083140518341,0.757974772007602,0.740637822286803,0.740637822286803,0.7491719955041727,0.765202316846219,0.7495575371835042,0.7510502108076665,0.7545249386470646,0.75417332885564,0.7569118797926558,0.77367629599704,0.7608533391728474
plan_agent_layer3_tick_11,0.36653250450627883,0.380773770676243,0.4068336500422286,0.4121688708502044,0.4771662917753508,0.49440207620554866,0.5056291844320808,0.5406372216052624,0.5937638074926507,0.6033032936991837,0.619177252385766,0.6130686488853024,0.6568871759490303,0.6368519363252243,0.6847259016769988,0.6571643381440929,0.6779987337989853,0.7037143288743783,0.7076163678213965,0.7105460386238452,0.7048734915462573,0.7192944216625842,0.722648518904413,0.7282022968694422,0.7252039467600387,0.7346017170255197,0.7509479263943428,0.7516124106729754,0.7577857806991452,0.7628007243653746,0.7451284326752396,0.7451284326752396,0.7539739888301572,0.7674586980773483,0.7509846343500993,0.7554419671438698,0.7585247840266176,0.757416512064801,0.7590130239184834,0.7768017946691373,0.764294350474849
plan_agent_layer3_tick_12,0.36671201128019304,0.3800587658554152,0.406502760065672,0.4125210717551961,0.47903778243887435,0.4960394178767352,0.5079454118918989,0.5427460882641432,0.5961160662376466,0.6061207300107737,0.6208813500180288,0.6117935781401359,0.6588495043823316,0.6375929550375778,0.6866340322602847,0.6604799606058176,0.6801856828888339,0.7062414824689012,0.7111690092748593,0.7137259775706454,0.7081597867821191,0.7222821288030917,0.7256972197440855,0.732530609949894,0.7299012716686885,0.7363969797104635,0.7537063227420256,0.7544116308068831,0.7610970207533563,0.7650530184240217,0.7489232112809129,0.7489232112809129,0.7567433120131125,0.7708819200809071,0.7545154587336471,0.7592021720477177,0.7607866328323096,0.7593454314329127,0.7615857781606161,0.781886347697572,0.7679357389550475
plan_agent_layer3_tick_13,0.3653366416968474,0.3811028362056937,0.4063198779080691,0.4104334505713846,0.477954474771732,0.4950862890629281,0.5073325188122623,0.5414436355246102,0.5972567262441785,0.6051244332100388,0.6198628251956898,0.6136851986207997,0.6615276396388182,0.6392540185930523,0.6899082736993639,0.6605635540064179,0.6820017216681113,0.7083020784090884,0.7122771095424829,0.7156315876893907,0.7118790223017114,0.7250109979864756,0.7278413333452493,0.7326049652340936,0.7316950092291513,0.7401597994856542,0.7563850895163793,0.7563581261930425,0.764077314759826,0.7667407002987445,0.7520648458370414,0.7520648458370414,0.7601020636787706,0.7740586647959778,0.7570063798991301,0.7612039548671115,0.7632939502704511,0.7622766572461719,0.7643395220606708,0.7828564859959499,0.7720315960243396
plan_agent_layer3_tick_14,0.365118307486355,0.379324862203257,0.40536901909838663,0.41053844383562427,0.4779915169316363,0.49406031727425387,0.5059022960101267,0.5412538072846291,0.5972785834210389,0.6063104187283076,0.6213312907353744,0.614822219996225,0.664048157553051,0.6410593362878098,0.6915888156856338,0.6620409745156577,0.6826048785612042,0.7096198664012336,0.7148577432256327,0.7171452217658661,0.7129278196702851,0.7263833427344124,0.7295570261921356,0.7341560563975098,0.7344062921023777,0.7411229666316734,0.7570374097626937,0.7586436892250396,0.7645241646592134,0.7687844459068743,0.7544206646898434,0.7544206646898434,0.7609152231929672,0.77620169468588,0.75975181342896,0.7612367848495927,0.765463898091003,0.7639508520401999,0.7682468718483894,0.7852567792078364,0.7742337528580323
plan_agent_layer3_tick_15,0.3646273922105795,0.378490787297289,0.404884730789159,0.41146710014877186,0.47788200224012556,0.4966283328259026,0.5069298022839247,0.5418672448964448,0.5970305349227505,0.6079350383039105,0.6219707207232164,0.6158223135279124,0.664153033694093,0.6415951555670922,0.6916656016892095,0.6640181231393316,0.6825580722630769,0.7107353958804169,0.7159486164376933,0.7190678845129433,0.7126803919546347,0.7261383497700865,0.7310023740823566,0.7350299772492169,0.7369803462975012,0.7428448906569891,0.7594979352444178,0.7579446566261453,0.7687573000359567,0.7707876999087052,0.7557223456626387,0.7557223456626387,0.7607873295810649,0.7773830713612039,0.7584165755089046,0.7633333096470478,0.7668448466847855,0.7665293293702573,0.7681188144716236,0.7854876463651398,0.7758001236279881
plan_box_layer3_tick_1,0.2298976279370196,0.2905489540467035,0.28279224047219054,0.31292829968852054,0.38268127361278853,0.423737923423675,0.45072863922891726,0.46911144923465314,0.48310658021131625,0.4839252173361908,0.479341064806568,0.4986363083878473,0.48648061232702056,0.49766669358277493,0.48187142332920263,0.5041320246316907,0.4668087610595551,0.5278498782656728,0.5376874025850796,0.5245940161103693,0.5289862530980376,0.5493343552475095,0.5289621783617479,0.556587003638136,0.5336068687325035,0.5408059296595314,0.5388302768709003,0.5629624900043281,0.5508546055408705,0.5737018956663977,0.5537382237573067,0.5537382237573067,0.5339120786643426,0.530780179580902,0.5560434771724267,0.5406790379229527,0.5553978251731884,0.5523576170631321,0.5936481009176331,0.5729422003114198,0.5979397899997873
plan_box_layer3_tick_2,0.4003153274987768,0.4284048193615796,0.44528859584103975,0.477655481846606,0.5077516391203073,0.5125436092130266,0.5183443999556645,0.5464532858130825,0.5810870566873197,0.5620815321494135,0.5885796286601709,0.5983223329417683,0.606563048909519,0.6043126805578531,0.6301756205824838,0.6257568881556295,0.5473944179516428,0.637633110723481,0.6370545175406688,0.65020132767165,0.6469006732066929,0.661660176006049,0.650227334334049,0.667368505317494,0.6441611638615222,0.6300943926620397,0.6639744654754534,0.6653480947415756,0.6756811991356612,0.6854519861618219,0.6756042177007605,0.6756042177007605,0.6815879696013644,0.6727526394310577,0.6764450432748631,0.6792986678663333,0.6750829169138737,0.6883132182690848,0.6834489733206462,0.6695657052838367,0.693606242385623
plan_box_layer3_tick_3,0.41526853952525594,0.44167390550635643,0.4743975244363402,0.48805676576400286,0.5236433515168362,0.5546563662664303,0.5537917491297216,0.5683602740241358,0.6067794183621142,0.6093926832546098,0.6166160937706263,0.6263422543108531,0.6421439889426537,0.648855816606863,0.6649040315474691,0.6709131387147668,0.6144642017108358,0.6764305463586913,0.6850337336811811,0.6858081790880994,0.6849828035700087,0.6950225873327349,0.6999224719922954,0.701038677966022,0.6963986857115982,0.6942026199748628,0.7028256977645249,0.7124911055987846,0.7131135217336759,0.7217892140911288,0.7138248268945382,0.7138248268945382,0.7102341731022784,0.7070442596680478,0.7197980252072413,0.7247156462060829,0.7137451975395128,0.7221622424081342,0.7262740458069009,0.7073185134594752,0.7267039666532618
plan_box_layer3_tick_4,0.44347621347433286,0.4451056896672118,0.47578563548943276,0.4861846380774873,0.5323527782968954,0.5580477759363804,0.5630911014529922,0.5704803028762492,0.6044502999162995,0.6175611164755923,0.6246319338388083,0.6379960603486193,0.6517198892728358,0.6615593969863973,0.6768864127082342,0.6752212650036002,0.63385183963498,0.693205568182315,0.6945800256748601,0.7009041114778427,0.6957379339526778,0.7116286783882788,0.7173533012314539,0.7126950402425136,0.7142242949064985,0.7104079635518599,0.7254351374807216,0.7240475146350178,0.7268366779649631,0.7385373242687105,0.7337884193855819,0.7337884193855819,0.7290813919623971,0.720050475415727,0.7358456236926285,0.7386059093136282,0.7359433583599342,0.7378447112351572,0.7392109051465067,0.7324954617319798,0.7400912064231786
plan_box_layer3_tick_5,0.43546300028365925,0.4491853374624606,0.4900822353708295,0.5037415055923463,0.5473915463719696,0.5729001627156964,0.5781087719067278,0.5922378534204439,0.6312311054878212,0.6383160145465718,0.6470030456112201,0.6608079315333014,0.6732495933082799,0.6754888152212772,0.6938386980935558,0.6883122469270171,0.6567622525401345,0.7071487902599184,0.7124150882358133,0.719263432144079,0.7118848215314113,0.7261108278231483,0.7319007143552698,0.724870185692145,0.727583246244742,0.7285273358558619,0.7427315843024818,0.7351307441331129,0.7385916377342497,0.7524490782675305,0.7508646675616271,0.7508646675616271,0.748521670395518,0.7373096669866499,0.7567710250988644,0.7552671895632836,0.7489604675564581,0.7513550497813325,0.7555965925426047,0.7457801953680266,0.7606513224955591
plan_box_layer3_tick_6,0.4391940406545,0.4515052010757552,0.4948535170654691,0.5037657920349099,0.5479641858621607,0.576250421842017,0.5776437413859623,0.5897878487787674,0.6344036318245507,0.6388839799538955,0.6543776705475579,0.6635985229827526,0.6775447445637421,0.6845478740166892,0.7012894962259588,0.6991379794982464,0.6677417993191228,0.7125981696931508,0.7184537348927054,0.7270142341324751,0.7185980287260615,0.7378085719475512,0.7460484953461137,0.7348215442310856,0.7393338168174833,0.7426140686767231,0.7506821465738683,0.7493159280989509,0.7463955106292055,0.7630773139569467,0.759925117050095,0.759925117050095,0.7580357925343746,0.7499737714600057,0.7651619204663767,0.7651235804705447,0.7624101532519492,0.7625002683853985,0.7654997719394688,0.7582483135739785,0.7692137261271373
plan_box_layer3_tick_7,0.44482741823496613,0.45081776239985116,0.49619554703529956,0.50669260547751,0.5505669784518761,0.5725244333803167,0.5837633474705991,0.5919105712272252,0.6365649616312223,0.6398666123837282,0.6609340466982765,0.6720228057210856,0.6838689549150655,0.6884944100417607,0.7073098132158468,0.7023617189671092,0.6760448861184243,0.7153400393640097,0.723293024731604,0.7309085706273233,0.7230576759763215,0.7410283267913976,0.7486348855214843,0.7363789374576655,0.7444900658139085,0.7459206705693014,0.7588136170300384,0.7556855919495464,0.7510162936036974,0.7680084600321864,0.7678470250060997,0.7678470250060997,0.7637962629207169,0.7521047594247319,0.7741366577168083,0.771781347113155,0.7685451209906797,0.7668534862411578,0.7763498393368479,0.7679220075658015,0.7757502480882378
plan_box_layer3_tick_8,0.44452657094896547,0.45022498953915857,0.4976987036871652,0.5087045523020212,0.5529552407300337,0.5746406724277148,0.584991187385557,0.5972423757455743,0.6414254641913708,0.646988810582867,0.6650222853365175,0.6741655551222534,0.6905914848196012,0.6958448782530926,0.7139282422393788,0.7087070378338313,0.6838254653806007,0.7240536800847557,0.7282000411000624,0.736052113356499,0.7313752080286786,0.7458573074583512,0.7499222518644316,0.7405756189514422,0.7484223086260442,0.7507739150042726,0.7573012341476998,0.7608102989160297,0.7578181811933703,0.7703669738023868,0.7699354861209221,0.7699354861209221,0.7688401096731023,0.7582026276150345,0.7753942823732033,0.7754003209792455,0.7721017074588958,0.7728101711141765,0.7801083169281954,0.7718600444065136,0.7809672833735879
plan_box_layer3_tick_9,0.4410778658854033,0.44769977589700016,0.49490774089038175,0.5090107651329736,0.5515264436065541,0.5779267845024805,0.5869707578765276,0.598753856719926,0.6427919901723808,0.6477574926105999,0.666413871268239,0.6822196009728371,0.690720138311544,0.6961361422940243,0.7174174783876794,0.7102693953727557,0.6866384731171085,0.7251018139006883,0.7278499378798441,0.7376751092225773,0.7313361214811825,0.7496965174098678,0.7558226199197698,0.7453534451120823,0.7529310207785699,0.756731286567774,0.7608393460562699,0.7628619545706492,0.7624045561718047,0.7715880966478541,0.7728035213789712,0.7728035213789712,0.7738491131309931,0.7613493437870698,0.7795064013611127,0.7791050678860032,0.7780349105093924,0.77946838919983,0.7861563712770455,0.7769048875154625,0.7824419466942636
plan_box_layer3_tick_10,0.44126580083277495,0.4494664986228787,0.49337137685573634,0.5078496969852399,0.5493171002773218,0.5763618388060625,0.5866079805945384,0.6004330686778027,0.6450934481432076,0.6506477256543183,0.6691407523485788,0.685521489445477,0.6938387529405509,0.6980102982698551,0.7187825534998418,0.7128856333249438,0.6856289724883949,0.7293958045111416,0.7302790940813665,0.7396831022710235,0.7369692862547861,0.7543115394924572,0.7583716319340587,0.7481128722661665,0.7536486395122093,0.759657609766532,0.7662789421774087,0.7629543948239776,0.7642220469932706,0.7745287065149895,0.7754386384267073,0.7754386384267073,0.7790665197481492,0.766213249665652,0.7845763144980673,0.7823899886352466,0.7789226399899299,0.7816612484743051,0.7859009455330213,0.7835269999941604,0.7919348775227565
plan_box_layer3_tick_11,0.44139343875912296,0.4487466847111275,0.4944671546178078,0.5070732694560347,0.5524730674403582,0.575116757616028,0.5880295006124477,0.600542281441278,0.6451326303378839,0.6511239340397197,0.6717281665001054,0.6873713256623948,0.696713673081909,0.7015978954798199,0.7204128659749212,0.7169685077326504,0.6883856186891186,0.7317421197832147,0.7321691582545922,0.7406536958333938,0.737852476891033,0.7538753534175657,0.7583696967339297,0.7505474460522483,0.7547692556389779,0.7611585599845889,0.7676073860339261,0.7677443312483534,0.7685961384276874,0.777464774579087,0.7773428335729036,0.7773428335729036,0.777767545608411,0.7668770758103618,0.7850982058457523,0.7852345723059286,0.7842382689325289,0.7817056498785437,0.7886088354537752,0.7836307316354166,0.7899204826007529
plan_box_layer3_tick_12,0.44173381885815016,0.4470083796757779,0.4954289417707741,0.5077740280799076,0.5514379654905308,0.5777825975057491,0.5895657495124931,0.5999697036880575,0.645947123139911,0.6513538556437829,0.6722552013554604,0.6886223845023057,0.7000999814235931,0.6998326390809819,0.7218104639752051,0.7140210595016052,0.6902514122694264,0.7332956559620525,0.7346735052053393,0.7430342307559379,0.7380264902340721,0.7547005741277767,0.7592563601106457,0.7515874147740368,0.7583289610739952,0.7630656507827307,0.7708808806490721,0.7682755870421069,0.7682857299986379,0.7781289906705364,0.7793187361831895,0.7793187361831895,0.7807928885992076,0.7697955752924576,0.7875570342660716,0.7850325347206433,0.7833764766717854,0.78303160722986,0.7890536016919698,0.7861803179791784,0.7911852064205498
plan_box_layer3_tick_13,0.44239793497800967,0.44600077492677326,0.49240482991068113,0.5058146475796417,0.5527734942685937,0.5770008549575248,0.5909160311743221,0.600477175645986,0.6449379927771179,0.6521230336699144,0.672553608194107,0.6875631115392318,0.6997630120300716,0.6997648986186636,0.7232201181832482,0.7144402577875557,0.6918966094401521,0.7333593872252218,0.7370495935879843,0.7437634483343639,0.7409063481206473,0.7566517362307705,0.761031012452055,0.7530419179714911,0.7582684651142195,0.7635806653078866,0.770053686246837,0.7710742950329084,0.7709269469036879,0.7786150778109053,0.779822369713627,0.779822369713627,0.7810316273198327,0.7696637555813796,0.7897916286828505,0.7897283031537776,0.7842731281986557,0.7867779423369772,0.7920372957038663,0.7854966572053586,0.794441530361319
plan_box_layer3_tick_14,0.4407080399789708,0.4466237459276711,0.49205012518716773,0.5045780952568684,0.5526902895004417,0.5760204867360313,0.5877765712097875,0.6000461758439755,0.6453116685586354,0.6515328329353179,0.670820592362021,0.6877747764400832,0.7009915327696591,0.7014622126778822,0.7204778317170973,0.7168089122805098,0.6926998927850561,0.7333393022863166,0.7384485377847915,0.7431403478176843,0.7418088062217715,0.7587616967180402,0.7623564617282444,0.7547695174490026,0.7623191851674356,0.7625620931514927,0.7701086693993391,0.7717269628372802,0.7730300536861308,0.779652063843547,0.7820886570377727,0.7820886570377727,0.78281829919612,0.7712209432692217,0.7886066854157123,0.7887956838777799,0.7843374986123799,0.7866193815449684,0.7919869928375214,0.7877010379170473,0.7964669807256305
plan_box_layer3_tick_15,0.4413622358813637,0.4470354472986461,0.4927672731371751,0.5042669467235763,0.5520410585939144,0.5762944919812839,0.5889286250399682,0.5998293165530566,0.6442433952118498,0.6514597349759924,0.6719863230864703,0.6907102959608228,0.698271721046799,0.6996112628940401,0.722061437261944,0.7185734131164248,0.6925207792645287,0.7329866458157624,0.7404073354198207,0.7433843391881514,0.7406637017230955,0.7584789930120523,0.7623800433553487,0.7532108884150358,0.763324497404264,0.7644633263278076,0.771805696275444,0.7738320365986086,0.7728154566129289,0.7801556430504621,0.7832403428743622,0.7832403428743622,0.7807583699038384,0.7696126762468888,0.7885467479630506,0.7907392836027601,0.7857302575262741,0.7887012368261351,0.7922757623848835,0.7866004645928988,0.7937258810843127
