,0,1,2,3,4,5,6,7
"layer2_cell_[0, 1]",0.0003,-0.0012,0.0027,0.0022,0.0003,-0.0002,0.0011,0.0016
"layer2_cell_[0, 2]",-0.0009,0.0003,-0.0004,-0.001,-0.0005,-0.0006,-0.0001,-0.0
"layer2_cell_[0, 3]",0.0001,-0.0032,-0.0005,0.0121,0.004,-0.0024,0.0006,0.0023
"layer2_cell_[0, 4]",-0.0012,-0.0006,-0.0003,-0.0011,-0.0003,-0.0009,-0.0002,-0.0003
"layer2_cell_[0, 5]",-0.0004,0.0001,0.0002,0.0003,-0.0001,-0.0002,-0.0,0.0004
"layer2_cell_[0, 6]",-0.0008,-0.0001,-0.0004,0.0118,-0.0004,-0.0007,-0.0007,0.0059
"layer2_cell_[0, 7]",0.0002,-0.0015,-0.0002,0.0007,0.0005,-0.0016,0.0004,0.0018
"layer2_cell_[0, 8]",0.0018,0.0057,-0.0001,-0.0002,-0.0004,0.0403,-0.0,-0.0001
"layer2_cell_[0, 9]",-0.002,-0.0022,0.0011,-0.0004,-0.0007,-0.0011,0.0025,0.0015
"layer2_cell_[0, 10]",-0.0032,-0.0017,0.0026,-0.0003,0.0003,-0.0018,0.0017,-0.0
"layer2_cell_[0, 11]",-0.0014,-0.0004,-0.0002,0.0,-0.0001,-0.0008,-0.0003,-0.0
"layer2_cell_[0, 12]",-0.0006,0.0005,0.0002,0.0009,-0.0003,-0.0004,-0.0001,-0.0002
"layer2_cell_[0, 13]",-0.0007,-0.0002,-0.0002,-0.003,0.0002,-0.0008,-0.0,-0.0015
"layer2_cell_[0, 14]",-0.0009,-0.0009,-0.0003,0.0001,0.0,0.0019,0.0003,-0.0006
"layer2_cell_[0, 15]",0.0002,0.0001,0.0011,-0.0002,0.0003,-0.0021,0.0001,-0.0006
"layer2_cell_[0, 16]",0.2456,0.0019,0.0001,0.0004,0.0793,0.0012,-0.0001,0.0043
"layer2_cell_[0, 17]",-0.0017,-0.0003,-0.0003,-0.0008,-0.0009,-0.0011,-0.0003,0.0
"layer2_cell_[0, 18]",-0.001,0.0043,-0.0004,-0.0005,-0.0002,0.0054,-0.001,0.0005
"layer2_cell_[0, 19]",-0.0035,-0.0022,-0.003,-0.0019,-0.001,-0.0037,-0.0019,-0.0013
"layer2_cell_[0, 20]",-0.0025,0.0,0.0,0.001,-0.0002,-0.0008,-0.0001,-0.0
"layer2_cell_[0, 21]",0.0001,0.0008,0.0041,0.0002,-0.0006,-0.002,0.0059,-0.0002
"layer2_cell_[0, 22]",-0.0021,-0.0,0.0336,0.0004,-0.0008,0.0029,0.0014,0.0049
"layer2_cell_[0, 23]",-0.001,-0.0016,0.0011,0.0009,-0.0003,-0.0017,0.0001,0.002
"layer2_cell_[0, 24]",0.0003,-0.0025,0.001,0.0541,0.0004,-0.0003,0.0083,-0.0011
"layer2_cell_[0, 25]",-0.0009,0.0002,0.0003,-0.0004,-0.0004,-0.0013,-0.0001,0.0001
"layer2_cell_[0, 26]",-0.0006,-0.0016,-0.0019,-0.0012,-0.0007,-0.0018,-0.0004,-0.0005
"layer2_cell_[0, 27]",-0.0008,-0.0,0.0001,-0.0002,0.0001,-0.0007,-0.0001,0.0001
"layer2_cell_[0, 28]",-0.0008,-0.0005,0.002,0.0004,-0.0004,0.0005,0.0131,-0.0001
"layer2_cell_[0, 29]",-0.0008,-0.0001,0.0001,-0.0002,-0.0003,-0.0007,-0.0002,-0.0001
"layer2_cell_[0, 30]",-0.0009,-0.0001,0.0001,-0.0001,-0.0004,-0.001,-0.0003,0.0001
"layer2_cell_[0, 31]",-0.0011,-0.0005,0.0002,-0.001,-0.0001,-0.002,-0.0003,-0.0006
"layer2_cell_[1, 2]",0.0014,-0.0005,0.0021,0.0012,0.0005,0.0007,0.0014,0.0018
"layer2_cell_[1, 3]",0.002,-0.0025,0.0021,0.0388,0.0061,-0.0005,0.0037,0.0045
"layer2_cell_[1, 4]",0.0005,-0.0018,0.0025,0.001,0.0009,0.0009,0.0013,0.0013
"layer2_cell_[1, 5]",0.0014,-0.0008,0.0031,0.003,0.0011,0.0011,0.0018,0.002
"layer2_cell_[1, 6]",0.0014,-0.001,0.0019,-0.0001,0.0007,0.0007,0.0156,0.0054
"layer2_cell_[1, 7]",0.0025,-0.0025,0.0036,0.0027,0.0017,-0.0013,0.0017,0.0025
"layer2_cell_[1, 8]",0.0032,-0.0023,0.0028,0.0023,0.0007,0.1055,0.0013,0.0017
"layer2_cell_[1, 9]",0.0002,-0.0016,0.0052,0.0018,0.0003,0.0007,0.0037,0.0034
"layer2_cell_[1, 10]",-0.0017,0.0006,0.0115,0.0022,0.0027,-0.0015,0.0027,0.0017
"layer2_cell_[1, 11]",0.0006,-0.0014,0.0025,0.0027,0.001,0.0004,0.0012,0.0016
"layer2_cell_[1, 12]",0.0019,-0.0004,0.0031,0.0038,0.0008,0.0009,0.0014,0.0014
"layer2_cell_[1, 13]",0.0013,-0.001,0.003,-0.0016,0.002,0.0005,0.0019,0.0002
"layer2_cell_[1, 14]",0.0015,-0.0012,-0.0029,0.0025,0.0026,0.0036,0.0944,0.0013
"layer2_cell_[1, 15]",0.0021,-0.0004,0.0145,0.0019,0.0016,-0.001,0.0014,0.001
"layer2_cell_[1, 16]",0.5279,0.0018,0.0028,0.0028,0.1826,0.0031,0.0016,0.0078
"layer2_cell_[1, 17]",-0.0002,-0.0009,0.0023,0.0019,0.0001,0.0,0.001,0.0017
"layer2_cell_[1, 18]",0.0013,0.0035,0.0021,0.0021,0.0017,0.0098,-0.0002,0.0024
"layer2_cell_[1, 19]",-0.0015,-0.0042,-0.0017,0.0008,-0.0014,-0.0031,-0.0007,-0.0002
"layer2_cell_[1, 20]",0.0154,-0.0009,0.0027,0.0035,0.0053,0.0009,0.0014,0.0016
"layer2_cell_[1, 21]",0.003,0.0004,0.0145,0.0028,0.0032,0.0001,0.0108,0.0014
"layer2_cell_[1, 22]",0.0011,-0.0007,0.0534,0.0027,0.0002,0.0137,0.0032,0.0082
"layer2_cell_[1, 23]",0.001,-0.0021,0.0051,0.0031,0.0006,-0.0004,0.0019,0.0038
"layer2_cell_[1, 24]",0.003,-0.003,0.0132,0.1131,0.0054,0.0021,0.024,0.0007
"layer2_cell_[1, 25]",0.001,-0.0005,0.0041,0.0021,0.0005,-0.0001,0.0015,0.0017
"layer2_cell_[1, 26]",0.0019,-0.0017,0.0009,0.0011,0.0004,-0.0003,0.0012,0.0012
"layer2_cell_[1, 27]",0.0014,-0.0009,0.0029,0.0024,0.0015,0.0007,0.0014,0.0018
"layer2_cell_[1, 28]",0.0013,-0.0012,0.0088,0.003,0.0008,0.0016,0.9689,0.0018
"layer2_cell_[1, 29]",0.0014,-0.001,0.0028,0.0024,0.0008,0.0006,0.0014,0.0017
"layer2_cell_[1, 30]",0.0013,-0.0014,0.0025,0.0026,0.0008,-0.0002,0.0009,0.0018
"layer2_cell_[1, 31]",0.0013,-0.0011,0.003,0.0016,0.001,-0.0008,0.0012,0.0012
"layer2_cell_[2, 3]",0.0009,-0.003,-0.001,0.0084,0.0036,-0.0015,0.001,0.0024
"layer2_cell_[2, 4]",-0.0005,-0.0001,-0.0008,-0.0017,-0.0002,-0.0002,0.0,-0.0002
"layer2_cell_[2, 5]",0.0001,0.0005,-0.0004,-0.0003,0.0001,0.0009,0.0002,0.0005
"layer2_cell_[2, 6]",-0.0,0.0004,-0.0011,0.0033,-0.0002,0.0002,-0.0006,0.003
"layer2_cell_[2, 7]",0.0009,-0.0009,-0.0006,0.0001,0.0008,-0.0012,0.0008,0.002
"layer2_cell_[2, 8]",0.0026,0.0034,-0.0006,-0.0009,-0.0002,0.0478,0.0002,0.0
"layer2_cell_[2, 9]",-0.0013,-0.0019,0.0004,-0.0008,-0.0005,0.0,0.003,0.0016
"layer2_cell_[2, 10]",-0.0027,-0.0013,0.0018,-0.001,0.0005,-0.0009,0.0015,0.0001
"layer2_cell_[2, 11]",-0.0007,0.0,-0.0006,-0.0006,0.0,0.0001,-0.0001,0.0
"layer2_cell_[2, 12]",0.0003,0.0009,-0.0003,0.0004,-0.0001,0.0006,0.0001,-0.0001
"layer2_cell_[2, 13]",-0.0,0.0003,-0.0009,-0.0033,0.0004,0.0002,0.0003,-0.0014
"layer2_cell_[2, 14]",-0.0001,-0.0005,-0.0008,-0.0005,0.0002,0.003,0.0005,-0.0005
"layer2_cell_[2, 15]",0.0008,0.0004,0.0003,-0.0006,0.0005,-0.0019,0.0002,-0.0005
"layer2_cell_[2, 16]",0.3422,0.0025,-0.0004,-0.0002,0.0795,0.0023,0.0001,0.0044
"layer2_cell_[2, 17]",-0.0012,0.0002,-0.0009,-0.0013,-0.0007,-0.0003,-0.0001,0.0001
"layer2_cell_[2, 18]",-0.0002,0.005,-0.0009,-0.001,0.0,0.0076,-0.0008,0.0006
"layer2_cell_[2, 19]",-0.0029,-0.0016,-0.0034,-0.0022,-0.001,-0.0031,-0.002,-0.001
"layer2_cell_[2, 20]",-0.0023,0.0005,-0.0004,0.0004,-0.0,0.0003,0.0001,0.0
"layer2_cell_[2, 21]",0.0011,0.0014,0.0023,-0.0005,-0.0002,-0.0008,0.0071,-0.0002
"layer2_cell_[2, 22]",-0.0012,0.0005,0.0315,-0.0003,-0.0006,0.005,0.0018,0.0051
"layer2_cell_[2, 23]",-0.0002,-0.0011,0.0004,0.0,-0.0002,-0.001,0.0005,0.002
"layer2_cell_[2, 24]",0.0011,-0.0023,0.0005,0.0443,0.0011,0.0007,0.0111,-0.001
"layer2_cell_[2, 25]",-0.0002,0.0005,-0.0002,-0.001,-0.0003,-0.0003,0.0002,0.0002
"layer2_cell_[2, 26]",0.0003,-0.0012,-0.0024,-0.0017,-0.0006,-0.0007,-0.0002,-0.0004
"layer2_cell_[2, 27]",0.0001,0.0004,-0.0004,-0.0008,0.0003,0.0002,0.0001,0.0001
"layer2_cell_[2, 28]",0.0,-0.0,0.0017,-0.0004,-0.0002,0.0016,0.0172,0.0
"layer2_cell_[2, 29]",-0.0,0.0004,-0.0004,-0.0009,-0.0002,0.0002,0.0,0.0
"layer2_cell_[2, 30]",-0.0001,0.0005,-0.0004,-0.0007,-0.0002,0.0,-0.0001,0.0002
"layer2_cell_[2, 31]",-0.0002,-0.0,-0.0003,-0.0015,0.0001,-0.0011,-0.0001,-0.0005
"layer2_cell_[3, 4]",0.0011,-0.0032,-0.001,0.0088,0.0045,-0.0013,0.0011,0.002
"layer2_cell_[3, 5]",0.0012,-0.0029,-0.0006,0.0161,0.0054,-0.001,0.0011,0.0025
"layer2_cell_[3, 6]",0.0009,-0.0031,-0.001,0.0126,0.0041,-0.0017,0.0017,0.0078
"layer2_cell_[3, 7]",0.0023,-0.0028,-0.0009,0.0117,0.0067,-0.0011,0.0019,0.0027
"layer2_cell_[3, 8]",0.0034,0.0119,-0.0008,0.0132,0.0041,0.0694,0.0002,0.0021
"layer2_cell_[3, 9]",0.0002,0.0,0.0016,0.0099,0.0041,0.0016,0.0097,0.0035
"layer2_cell_[3, 10]",-0.001,0.0009,0.0018,0.0135,0.007,0.0001,0.0004,0.0023
"layer2_cell_[3, 11]",0.0002,-0.0031,-0.0008,0.012,0.0044,-0.0016,0.0009,0.002
"layer2_cell_[3, 12]",0.0012,-0.0031,-0.0005,0.0171,0.0037,-0.0014,0.0011,0.0021
"layer2_cell_[3, 13]",0.0008,-0.003,-0.0004,0.0092,0.0072,-0.0015,0.0014,0.0006
"layer2_cell_[3, 14]",0.0014,-0.0016,-0.0004,0.0139,0.0065,0.0016,0.0022,0.0009
"layer2_cell_[3, 15]",0.0014,-0.0001,0.0001,0.0179,0.0055,-0.0037,-0.0006,0.0004
"layer2_cell_[3, 16]",0.4316,0.0009,-0.0006,0.016,0.1175,0.0005,0.0011,0.0126
"layer2_cell_[3, 17]",0.0,-0.0033,-0.0009,0.0076,0.0027,-0.0023,0.0007,0.0026
"layer2_cell_[3, 18]",0.0009,0.0009,-0.0008,0.0138,0.0074,0.007,0.0002,0.0023
"layer2_cell_[3, 19]",-0.0022,-0.0039,-0.0032,0.0054,0.0022,-0.0043,-0.0009,-0.0001
"layer2_cell_[3, 20]",0.0058,-0.003,-0.0007,0.0188,0.0055,-0.0015,0.001,0.0022
"layer2_cell_[3, 21]",0.004,-0.0001,0.0035,0.0159,0.0081,0.0015,0.0146,0.0028
"layer2_cell_[3, 22]",0.0011,-0.0029,0.0229,0.0315,0.0028,0.0035,0.0041,0.0074
"layer2_cell_[3, 23]",0.0011,-0.0025,0.0004,0.0176,0.0045,0.0002,0.0026,0.0035
"layer2_cell_[3, 24]",0.0016,-0.0039,-0.0006,0.6588,0.0248,-0.0007,0.031,0.0005
"layer2_cell_[3, 25]",0.0007,-0.0031,-0.0002,0.0131,0.0036,-0.0021,0.0014,0.0025
"layer2_cell_[3, 26]",0.0011,-0.0028,-0.0025,0.013,0.0032,-0.0017,0.0009,0.002
"layer2_cell_[3, 27]",0.001,-0.0031,-0.0006,0.0135,0.0048,-0.0017,0.001,0.0022
"layer2_cell_[3, 28]",0.001,-0.0027,0.005,0.0196,0.004,-0.0007,0.2708,0.0021
"layer2_cell_[3, 29]",0.0009,-0.0031,-0.0006,0.0137,0.0041,-0.0017,0.001,0.0023
"layer2_cell_[3, 30]",0.0008,-0.0033,-0.0006,0.0139,0.0041,-0.0019,0.0009,0.0024
"layer2_cell_[3, 31]",0.0009,-0.0034,-0.0005,0.0094,0.004,-0.003,0.0008,0.0021
"layer2_cell_[4, 5]",0.0003,-0.0003,-0.0002,-0.0005,0.0002,0.0002,0.0001,0.0003
"layer2_cell_[4, 6]",-0.0003,-0.0005,-0.0008,0.053,-0.0001,-0.0002,-0.0006,0.0035
"layer2_cell_[4, 7]",0.0005,-0.0019,-0.0006,0.0001,0.001,-0.0005,0.0005,0.0016
"layer2_cell_[4, 8]",0.0026,0.004,-0.0005,-0.001,-0.0001,0.0724,0.0001,-0.0002
"layer2_cell_[4, 9]",-0.0014,-0.0024,0.0006,-0.0008,-0.0003,-0.0,0.0027,0.0013
"layer2_cell_[4, 10]",-0.0024,-0.0018,0.0023,-0.0011,0.0008,-0.0004,0.0018,-0.0001
"layer2_cell_[4, 11]",-0.0008,-0.0009,-0.0005,-0.0008,0.0002,-0.0003,-0.0002,-0.0002
"layer2_cell_[4, 12]",-0.0001,-0.0001,-0.0002,-0.0,-0.0,0.0001,-0.0,-0.0003
"layer2_cell_[4, 13]",-0.0004,-0.0006,-0.0007,-0.0033,0.0006,-0.0004,0.0002,-0.0015
"layer2_cell_[4, 14]",-0.0005,-0.0012,-0.0005,-0.0007,0.0004,0.0022,0.0005,-0.0006
"layer2_cell_[4, 15]",0.0003,-0.0003,0.001,-0.001,0.0005,-0.0018,0.0001,-0.0007
"layer2_cell_[4, 16]",0.6246,0.0013,-0.0003,-0.0004,0.1212,0.003,0.0,0.0035
"layer2_cell_[4, 17]",-0.0015,-0.0007,-0.0008,-0.0014,-0.0006,-0.0009,-0.0002,-0.0001
"layer2_cell_[4, 18]",-0.0005,0.0035,-0.0007,-0.0013,0.0002,0.0069,-0.001,0.0003
"layer2_cell_[4, 19]",-0.0033,-0.0027,-0.0032,-0.0023,-0.0008,-0.003,-0.0019,-0.0014
"layer2_cell_[4, 20]",-0.0006,-0.0004,-0.0004,0.0001,0.0004,-0.0005,-0.0,-0.0002
"layer2_cell_[4, 21]",0.0013,0.0006,0.0036,-0.0005,0.0004,-0.0001,0.007,-0.0004
"layer2_cell_[4, 22]",-0.0011,-0.0004,0.0273,-0.0003,-0.0005,0.0039,0.0017,0.0047
"layer2_cell_[4, 23]",-0.0002,-0.0018,0.0008,-0.0,-0.0001,-0.0007,0.0003,0.0018
"layer2_cell_[4, 24]",0.0008,-0.0028,0.0008,0.0466,0.0011,0.0016,0.0109,-0.0012
"layer2_cell_[4, 25]",-0.0001,-0.0001,-0.0001,-0.0012,-0.0002,-0.0006,0.0,-0.0
"layer2_cell_[4, 26]",-0.0,-0.0019,-0.0022,-0.0018,-0.0005,-0.0013,-0.0003,-0.0006
"layer2_cell_[4, 27]",-0.0006,-0.0005,-0.0003,-0.001,0.0003,-0.0002,-0.0,-0.0001
"layer2_cell_[4, 28]",-0.0003,-0.0009,0.0009,-0.0004,-0.0001,0.0013,0.0181,-0.0003
"layer2_cell_[4, 29]",-0.0004,-0.0005,-0.0003,-0.001,-0.0,-0.0002,-0.0001,-0.0002
"layer2_cell_[4, 30]",-0.0005,-0.0006,-0.0003,-0.0009,-0.0,-0.0004,-0.0001,-0.0001
"layer2_cell_[4, 31]",-0.0006,-0.0009,-0.0002,-0.0016,0.0002,-0.0017,-0.0002,-0.0007
"layer2_cell_[5, 6]",0.0002,0.0002,-0.0003,0.0116,0.0002,0.0005,-0.0004,0.0039
"layer2_cell_[5, 7]",0.0011,-0.0012,-0.0002,0.0009,0.0011,-0.0007,0.0008,0.0023
"layer2_cell_[5, 8]",0.0026,0.0161,-0.0,0.0005,0.0002,0.0623,0.0,0.0005
"layer2_cell_[5, 9]",-0.001,-0.002,0.0018,0.0005,-0.0001,0.0006,0.0032,0.0022
"layer2_cell_[5, 10]",-0.0025,-0.0012,0.0031,0.0003,0.0014,-0.0008,0.0015,0.0005
"layer2_cell_[5, 11]",-0.0004,-0.0,-0.0001,0.0005,0.0003,0.0004,0.0001,0.0005
"layer2_cell_[5, 12]",0.0005,0.0007,0.0002,0.0016,0.0001,0.0008,0.0002,0.0004
"layer2_cell_[5, 13]",0.0002,0.0001,0.0001,-0.0027,0.001,0.0005,0.0003,-0.0009
"layer2_cell_[5, 14]",-0.0001,-0.0008,-0.0,0.0006,0.0009,0.0026,0.0007,-0.0
"layer2_cell_[5, 15]",0.001,0.0007,0.0013,0.0005,0.001,-0.0012,-0.0001,-0.0003
"layer2_cell_[5, 16]",0.2192,0.0023,0.0002,0.001,0.1037,0.0025,0.0002,0.0053
"layer2_cell_[5, 17]",-0.0007,-0.0001,-0.0003,-0.0002,-0.0004,0.0,0.0,0.0006
"layer2_cell_[5, 18]",0.0001,0.0046,-0.0003,0.0002,0.0008,0.0069,-0.0008,0.0011
"layer2_cell_[5, 19]",-0.0028,-0.0016,-0.0028,-0.0016,-0.0009,-0.0032,-0.0017,-0.0007
"layer2_cell_[5, 20]",-0.0016,0.0003,0.0001,0.0018,0.0007,0.0005,0.0002,0.0005
"layer2_cell_[5, 21]",0.0024,0.0012,0.005,0.001,0.0007,-0.0001,0.008,0.0003
"layer2_cell_[5, 22]",-0.0009,0.0003,0.0326,0.001,-0.0004,0.0054,0.0017,0.0058
"layer2_cell_[5, 23]",-0.0002,-0.0012,0.0013,0.0017,0.0002,-0.0007,0.0005,0.0026
"layer2_cell_[5, 24]",0.0018,-0.0022,0.0013,0.0685,0.0033,0.0014,0.0112,-0.0007
"layer2_cell_[5, 25]",-0.0001,0.0004,0.0006,0.0003,0.0,-0.0002,0.0,0.0006
"layer2_cell_[5, 26]",0.0008,-0.0013,-0.0016,-0.0007,-0.0002,-0.0005,-0.0001,-0.0
"layer2_cell_[5, 27]",0.0005,0.0003,0.0002,0.0005,0.0007,0.0005,0.0002,0.0006
"layer2_cell_[5, 28]",0.0003,-0.0001,0.0024,0.0011,0.0002,0.0014,0.0147,0.0004
"layer2_cell_[5, 29]",0.0002,0.0002,0.0002,0.0005,0.0003,0.0005,0.0001,0.0005
"layer2_cell_[5, 30]",0.0001,0.0003,0.0002,0.0006,0.0002,0.0003,0.0,0.0006
"layer2_cell_[5, 31]",-0.0,-0.0002,0.0004,-0.0003,0.0005,-0.0009,0.0,-0.0001
"layer2_cell_[6, 7]",0.0009,-0.0013,-0.0011,-0.0003,0.0008,-0.0012,-0.0,0.0037
"layer2_cell_[6, 8]",0.0027,0.0062,-0.0007,0.0116,-0.0001,0.0491,-0.0008,0.0035
"layer2_cell_[6, 9]",-0.0012,-0.0021,0.0005,0.0075,-0.0003,-0.0004,0.0067,0.0029
"layer2_cell_[6, 10]",-0.0026,-0.0016,0.0025,0.0084,0.0007,-0.0011,0.0001,0.004
"layer2_cell_[6, 11]",-0.0006,-0.0003,-0.0007,0.0066,0.0001,-0.0,-0.0007,0.0037
"layer2_cell_[6, 12]",0.0003,0.0005,-0.0003,0.0132,-0.0,0.0004,-0.0005,0.0031
"layer2_cell_[6, 13]",0.0001,-0.0001,-0.0008,0.965,0.0006,0.0001,0.0003,0.4053
"layer2_cell_[6, 14]",-0.0001,-0.0008,-0.0009,0.0051,0.0004,0.0027,0.0007,0.0347
"layer2_cell_[6, 15]",0.0008,0.0003,0.0008,0.0286,0.0007,-0.002,-0.0012,0.0019
"layer2_cell_[6, 16]",0.3815,0.002,-0.0005,0.0364,0.0966,0.0021,-0.0005,0.072
"layer2_cell_[6, 17]",-0.0011,-0.0002,-0.001,0.0045,-0.0006,-0.0003,-0.0006,0.0054
"layer2_cell_[6, 18]",-0.0001,0.0044,-0.0013,0.0131,0.0002,0.0071,-0.0014,0.0051
"layer2_cell_[6, 19]",-0.0029,-0.0018,-0.0029,0.0005,-0.0008,-0.0033,-0.0021,0.0024
"layer2_cell_[6, 20]",-0.0021,0.0001,-0.0005,0.2713,0.0001,0.0001,-0.0006,0.0033
"layer2_cell_[6, 21]",0.0012,0.001,0.0025,0.0506,-0.0,-0.0008,0.0094,0.0026
"layer2_cell_[6, 22]",-0.0012,0.0001,0.0296,0.0434,-0.0005,0.0046,0.0011,0.0162
"layer2_cell_[6, 23]",-0.0002,-0.0014,0.0004,0.0022,-0.0,-0.0011,-0.0003,0.0088
"layer2_cell_[6, 24]",0.0012,-0.0025,0.0006,0.6868,0.0017,0.0006,0.0195,0.0032
"layer2_cell_[6, 25]",-0.0002,0.0003,-0.0003,0.0069,-0.0002,-0.0004,-0.001,0.0046
"layer2_cell_[6, 26]",0.0004,-0.0014,-0.0024,0.0111,-0.0004,-0.0009,-0.0012,0.0149
"layer2_cell_[6, 27]",0.0001,0.0001,-0.0004,0.0097,0.0004,0.0001,-0.0006,0.0029
"layer2_cell_[6, 28]",0.0001,-0.0004,-0.0009,0.0136,-0.0001,0.0012,0.7583,0.002
"layer2_cell_[6, 29]",0.0,0.0,-0.0005,0.0121,-0.0,0.0,-0.0006,0.0035
"layer2_cell_[6, 30]",-0.0001,0.0,-0.0005,0.0103,-0.0001,-0.0002,-0.0007,0.004
"layer2_cell_[6, 31]",-0.0001,-0.0004,-0.0005,0.0075,0.0002,-0.0012,-0.0005,0.0043
"layer2_cell_[7, 8]",0.0028,-0.0032,-0.0004,0.0008,0.0008,0.1007,0.0006,0.002
"layer2_cell_[7, 9]",-0.0001,-0.0022,0.0019,0.0003,0.0004,0.0008,0.0039,0.0035
"layer2_cell_[7, 10]",-0.0015,-0.002,0.0033,0.0008,0.0028,-0.0011,0.0019,0.0021
"layer2_cell_[7, 11]",0.0005,-0.0016,-0.0005,0.0013,0.0011,-0.0013,0.0005,0.0021
"layer2_cell_[7, 12]",0.0013,-0.001,-0.0001,0.0016,0.0008,-0.0012,0.0006,0.0019
"layer2_cell_[7, 13]",0.0009,-0.0014,-0.0006,-0.0026,0.0016,-0.0012,0.0007,-0.0001
"layer2_cell_[7, 14]",0.0006,-0.0012,-0.0002,0.0014,0.0012,0.0016,0.0012,0.0013
"layer2_cell_[7, 15]",0.0016,-0.001,0.0026,0.0006,0.0017,-0.0019,0.0001,0.0019
"layer2_cell_[7, 16]",0.5792,0.0008,-0.0003,0.0014,0.0704,0.0001,0.0007,0.0347
"layer2_cell_[7, 17]",-0.0002,-0.0015,-0.0007,-0.0001,0.0002,-0.0018,0.0005,0.0021
"layer2_cell_[7, 18]",0.0006,0.0021,-0.0009,0.0006,0.0013,0.0046,-0.0002,0.0022
"layer2_cell_[7, 19]",-0.0016,-0.0037,-0.0028,-0.0006,-0.0004,-0.004,-0.001,-0.0007
"layer2_cell_[7, 20]",0.0197,-0.0013,-0.0003,0.0021,0.0019,-0.0009,0.0007,0.0019
"layer2_cell_[7, 21]",0.0036,-0.0,0.0046,0.0015,0.0022,0.0006,0.0074,0.0015
"layer2_cell_[7, 22]",0.0006,-0.0011,0.0243,0.0012,0.0003,0.0103,0.0027,0.0088
"layer2_cell_[7, 23]",0.0009,-0.0021,0.0009,0.0021,0.0009,-0.0013,0.001,0.0039
"layer2_cell_[7, 24]",0.0025,-0.0033,0.0009,0.1287,0.0051,-0.0005,0.0207,0.0003
"layer2_cell_[7, 25]",0.0005,-0.0007,-0.0001,0.0006,0.0007,-0.0017,0.0007,0.0022
"layer2_cell_[7, 26]",0.0011,-0.0021,-0.0023,-0.0002,0.0003,-0.002,0.0003,0.0017
"layer2_cell_[7, 27]",0.0011,-0.0013,-0.0002,0.0009,0.0014,-0.0012,0.0006,0.0022
"layer2_cell_[7, 28]",0.0011,-0.0016,0.0011,0.0017,0.0008,0.0001,0.0553,0.0016
"layer2_cell_[7, 29]",0.0009,-0.0013,-0.0003,0.0008,0.0009,-0.0012,0.0006,0.0019
"layer2_cell_[7, 30]",0.0007,-0.0017,-0.0003,0.0009,0.0009,-0.0016,0.0004,0.0021
"layer2_cell_[7, 31]",0.0009,-0.0015,-0.0004,0.0001,0.0012,-0.0024,0.0004,0.0012
"layer2_cell_[8, 9]",0.0008,-0.0033,0.001,-0.0001,-0.0004,0.1309,0.0022,0.0015
"layer2_cell_[8, 10]",-0.0013,0.0087,0.0026,-0.0002,0.0007,0.7074,0.0017,0.0001
"layer2_cell_[8, 11]",0.0024,0.0051,-0.0004,0.0001,0.0001,0.0491,-0.0001,0.0
"layer2_cell_[8, 12]",0.0034,0.006,-0.0001,0.0011,-0.0001,0.0468,0.0001,-0.0001
"layer2_cell_[8, 13]",0.0024,0.0082,-0.0005,-0.003,0.0006,0.0441,0.0,-0.0014
"layer2_cell_[8, 14]",0.0018,0.0197,-0.0004,0.0002,0.0004,0.137,0.0001,-0.0005
"layer2_cell_[8, 15]",0.0033,-0.0008,0.0011,-0.0,0.0006,0.1886,0.0009,-0.0005
"layer2_cell_[8, 16]",0.2106,0.2891,-0.0002,0.0005,0.0851,0.0807,0.0002,0.0046
"layer2_cell_[8, 17]",0.0021,0.0063,-0.0006,-0.0006,-0.0006,0.0371,0.0001,0.0001
"layer2_cell_[8, 18]",0.0022,0.003,-0.0007,-0.0003,0.0002,0.1107,-0.0007,0.0006
"layer2_cell_[8, 19]",-0.0011,-0.0032,-0.003,-0.0019,-0.0009,0.0578,-0.002,-0.0012
"layer2_cell_[8, 20]",-0.0009,0.006,-0.0002,0.0011,0.0001,0.0455,0.0002,0.0
"layer2_cell_[8, 21]",0.0024,0.0233,0.004,0.0004,0.0001,0.1397,0.0066,-0.0002
"layer2_cell_[8, 22]",0.0006,0.0206,0.0295,0.0005,-0.0006,0.2556,0.0015,0.005
"layer2_cell_[8, 23]",0.0025,0.006,0.001,0.0009,-0.0001,0.1126,0.0003,0.002
"layer2_cell_[8, 24]",0.004,0.0709,0.0011,0.059,0.0018,0.1767,0.0068,-0.0011
"layer2_cell_[8, 25]",0.0019,0.0511,0.0001,-0.0002,-0.0002,0.0596,0.0002,0.0002
"layer2_cell_[8, 26]",0.0028,0.0047,-0.0022,-0.0011,-0.0005,0.0526,-0.0001,-0.0004
"layer2_cell_[8, 27]",0.0028,0.0054,-0.0001,-0.0,0.0003,0.0461,0.0002,0.0001
"layer2_cell_[8, 28]",0.0028,0.0007,0.0018,0.0005,-0.0002,0.106,0.0164,-0.0001
"layer2_cell_[8, 29]",0.0027,0.0058,-0.0002,-0.0001,-0.0001,0.046,0.0002,-0.0
"layer2_cell_[8, 30]",0.0027,0.0036,-0.0002,0.0,-0.0001,0.0665,0.0,0.0001
"layer2_cell_[8, 31]",0.0025,0.0083,-0.0,-0.0008,0.0002,0.0318,0.0,-0.0005
"layer2_cell_[9, 10]",-0.0035,0.0064,0.0081,-0.0001,0.0007,0.0082,0.0051,0.0016
"layer2_cell_[9, 11]",-0.0019,-0.0022,0.0009,0.0,-0.0002,-0.0005,0.0027,0.0014
"layer2_cell_[9, 12]",-0.0009,-0.0021,0.0012,0.0008,-0.0003,-0.0001,0.0029,0.0014
"layer2_cell_[9, 13]",-0.0012,-0.0021,0.0016,-0.0029,0.0005,0.0001,0.003,-0.0001
"layer2_cell_[9, 14]",-0.0012,0.0002,0.0012,0.0001,0.0003,0.0067,0.0031,0.0014
"layer2_cell_[9, 15]",-0.0005,-0.0006,0.0102,0.0002,0.0008,0.0056,0.0005,0.0011
"layer2_cell_[9, 16]",0.3566,0.0068,0.0011,0.0005,0.0945,0.003,0.0029,0.0174
"layer2_cell_[9, 17]",-0.0021,-0.0022,0.0008,-0.0006,-0.0009,-0.0004,0.003,0.0017
"layer2_cell_[9, 18]",-0.0014,0.0076,0.001,-0.0004,0.0004,0.0188,0.0027,0.0023
"layer2_cell_[9, 19]",-0.0036,-0.0042,-0.0001,-0.0026,-0.0015,-0.0032,0.0013,-0.0002
"layer2_cell_[9, 20]",-0.0013,-0.002,0.001,0.0012,0.0015,-0.0003,0.0028,0.0015
"layer2_cell_[9, 21]",0.0027,0.0023,0.0066,0.0003,0.0003,0.0062,0.01,0.0013
"layer2_cell_[9, 22]",-0.001,-0.0017,0.0318,0.0005,-0.0009,0.0344,0.0054,0.0071
"layer2_cell_[9, 23]",-0.0016,-0.0025,0.0025,0.0011,-0.0003,0.001,0.0034,0.004
"layer2_cell_[9, 24]",-0.0,-0.0033,0.0059,0.0595,0.0024,0.0019,0.112,0.0002
"layer2_cell_[9, 25]",-0.0015,-0.0018,0.002,-0.0003,-0.0005,-0.0012,0.0036,0.0018
"layer2_cell_[9, 26]",-0.0006,-0.0015,-0.0008,-0.0012,-0.0007,0.0007,0.0015,0.0013
"layer2_cell_[9, 27]",-0.001,-0.0021,0.0011,-0.0001,0.0001,-0.0004,0.0029,0.0016
"layer2_cell_[9, 28]",-0.0011,-0.0016,-0.0008,0.0005,-0.0003,0.0042,0.1091,0.0015
"layer2_cell_[9, 29]",-0.0013,-0.0021,0.0011,-0.0001,-0.0003,-0.0005,0.0028,0.0015
"layer2_cell_[9, 30]",-0.0013,-0.0022,0.0011,-0.0,-0.0003,-0.0003,0.0027,0.0016
"layer2_cell_[9, 31]",-0.0013,-0.0023,0.0014,-0.001,-0.0001,-0.0021,0.0025,0.0008
"layer2_cell_[10, 11]",-0.0031,-0.0019,0.0025,-0.0,0.001,-0.0017,0.0015,0.0001
"layer2_cell_[10, 12]",-0.0016,-0.0015,0.0031,0.0009,0.0008,-0.0012,0.0018,-0.0
"layer2_cell_[10, 13]",-0.0024,-0.0014,0.0021,-0.0032,0.002,-0.0011,0.0018,-0.0013
"layer2_cell_[10, 14]",-0.0025,0.0013,0.003,0.0002,0.0019,0.0048,0.0013,-0.0004
"layer2_cell_[10, 15]",-0.0029,0.002,0.0075,-0.0003,0.0025,0.0106,0.0022,-0.0005
"layer2_cell_[10, 16]",0.0629,0.0134,0.0028,0.0004,0.4588,-0.0002,0.0018,0.0048
"layer2_cell_[10, 17]",-0.0036,-0.0017,0.0024,-0.0007,0.0002,-0.0019,0.0014,0.0002
"layer2_cell_[10, 18]",-0.0027,0.0139,0.002,-0.0004,0.0022,0.0133,0.0011,0.0006
"layer2_cell_[10, 19]",-0.0037,-0.0036,-0.0004,-0.0019,-0.0004,-0.0049,0.0002,-0.0012
"layer2_cell_[10, 20]",0.0088,-0.0015,0.0028,0.001,0.0053,-0.0006,0.0018,0.0001
"layer2_cell_[10, 21]",0.0001,0.0013,0.017,0.0004,0.0048,0.0024,0.0217,-0.0001
"layer2_cell_[10, 22]",-0.0015,-0.0011,0.0561,0.0005,0.0003,0.0342,0.0045,0.0051
"layer2_cell_[10, 23]",-0.0034,-0.0014,0.0058,0.0007,0.0009,-0.0012,0.0018,0.002
"layer2_cell_[10, 24]",-0.0011,-0.0026,0.0062,0.0577,0.0179,0.0007,0.0056,-0.001
"layer2_cell_[10, 25]",-0.0036,-0.0005,0.004,-0.0004,0.0006,-0.0019,0.0015,0.0002
"layer2_cell_[10, 26]",-0.0019,-0.0012,0.0001,-0.0012,0.0005,-0.0024,0.0013,-0.0004
"layer2_cell_[10, 27]",-0.0023,-0.0015,0.0028,-0.0002,0.0011,-0.0012,0.0018,0.0002
"layer2_cell_[10, 28]",-0.0026,-0.0005,0.0114,0.0004,0.0006,0.0012,0.0251,-0.0
"layer2_cell_[10, 29]",-0.0027,-0.0016,0.0028,-0.0002,0.0008,-0.0012,0.0018,0.0001
"layer2_cell_[10, 30]",-0.0027,-0.0017,0.0028,-0.0001,0.0008,-0.0013,0.0018,0.0002
"layer2_cell_[10, 31]",-0.0027,-0.0017,0.0028,-0.0009,0.0009,-0.0025,0.0017,-0.0005
"layer2_cell_[11, 12]",-0.0003,0.0001,-0.0001,0.0011,0.0002,0.0002,-0.0001,-0.0001
"layer2_cell_[11, 13]",-0.0006,-0.0004,-0.0006,-0.0029,0.0009,-0.0001,0.0,-0.0014
"layer2_cell_[11, 14]",-0.0006,-0.0011,-0.0003,0.0005,0.0006,0.0027,0.0004,-0.0004
"layer2_cell_[11, 15]",0.0004,-0.0002,0.001,-0.0,0.0009,-0.002,-0.0001,-0.0006
"layer2_cell_[11, 16]",0.2695,0.0015,-0.0002,0.0006,0.0941,0.0019,-0.0001,0.0047
"layer2_cell_[11, 17]",-0.0016,-0.0005,-0.0007,-0.0005,-0.0004,-0.0005,-0.0004,0.0001
"layer2_cell_[11, 18]",-0.0007,0.0038,-0.0007,-0.0002,0.0004,0.0068,-0.001,0.0005
"layer2_cell_[11, 19]",-0.0037,-0.0023,-0.0031,-0.0017,-0.001,-0.0034,-0.0019,-0.0015
"layer2_cell_[11, 20]",-0.002,-0.0002,-0.0002,0.0015,0.0007,-0.0,-0.0001,0.0
"layer2_cell_[11, 21]",0.0007,0.0005,0.004,0.0007,0.0003,-0.0008,0.0069,-0.0002
"layer2_cell_[11, 22]",-0.0017,-0.0003,0.0305,0.0008,-0.0003,0.0039,0.0015,0.005
"layer2_cell_[11, 23]",-0.0006,-0.0017,0.0009,0.0013,0.0002,-0.0013,0.0002,0.0022
"layer2_cell_[11, 24]",0.0006,-0.0028,0.001,0.0873,0.0025,0.0005,0.0106,-0.0011
"layer2_cell_[11, 25]",-0.0008,-0.0,0.0001,-0.0001,-0.0,-0.0006,-0.0002,0.0002
"layer2_cell_[11, 26]",-0.0003,-0.0017,-0.0022,-0.0009,-0.0003,-0.001,-0.0004,-0.0004
"layer2_cell_[11, 27]",-0.0005,-0.0003,-0.0002,0.0001,0.0006,-0.0,-0.0001,0.0002
"layer2_cell_[11, 28]",-0.0005,-0.0006,0.0015,0.0007,0.0001,0.001,0.0174,-0.0
"layer2_cell_[11, 29]",-0.0006,-0.0003,-0.0002,0.0001,0.0002,-0.0001,-0.0002,0.0
"layer2_cell_[11, 30]",-0.0007,-0.0003,-0.0002,0.0002,0.0002,-0.0003,-0.0003,0.0001
"layer2_cell_[11, 31]",-0.0008,-0.0006,-0.0,-0.0006,0.0004,-0.0013,-0.0003,-0.0005
"layer2_cell_[12, 13]",0.0004,0.0004,-0.0003,-0.0025,0.0006,0.0004,0.0002,-0.0015
"layer2_cell_[12, 14]",0.0001,-0.0005,-0.0001,0.0011,0.0004,0.003,0.0006,-0.0006
"layer2_cell_[12, 15]",0.0012,0.0004,0.0013,0.001,0.0006,-0.0017,0.0002,-0.0006
"layer2_cell_[12, 16]",0.3643,0.0026,0.0001,0.0015,0.0862,0.0025,0.0001,0.0043
"layer2_cell_[12, 17]",-0.0008,0.0003,-0.0004,0.0005,-0.0006,-0.0001,-0.0002,0.0
"layer2_cell_[12, 18]",0.0003,0.005,-0.0004,0.0007,0.0001,0.0074,-0.0008,0.0004
"layer2_cell_[12, 19]",-0.003,-0.0016,-0.0029,-0.001,-0.0009,-0.0034,-0.0019,-0.0015
"layer2_cell_[12, 20]",-0.002,0.0006,0.0001,0.0021,0.0003,0.0003,0.0001,-0.0001
"layer2_cell_[12, 21]",0.0015,0.0014,0.0044,0.0014,0.0004,-0.0006,0.0068,-0.0003
"layer2_cell_[12, 22]",-0.0008,0.0006,0.0322,0.0014,-0.0005,0.0049,0.0017,0.0048
"layer2_cell_[12, 23]",0.0003,-0.0011,0.0013,0.0017,0.0,-0.0008,0.0004,0.002
"layer2_cell_[12, 24]",0.0015,-0.0024,0.0016,0.0644,0.0023,0.0013,0.0104,-0.001
"layer2_cell_[12, 25]",0.0002,0.0008,0.0004,0.0008,-0.0002,-0.0002,0.0001,0.0001
"layer2_cell_[12, 26]",0.0008,-0.0011,-0.002,-0.0003,-0.0005,-0.0008,-0.0002,-0.0005
"layer2_cell_[12, 27]",0.0003,0.0005,0.0001,0.0011,0.0004,0.0004,0.0,0.0
"layer2_cell_[12, 28]",0.0004,0.0001,0.0018,0.0017,-0.0001,0.0013,0.0153,-0.0001
"layer2_cell_[12, 29]",0.0003,0.0005,0.0001,0.0011,0.0,0.0003,0.0,-0.0001
"layer2_cell_[12, 30]",0.0002,0.0006,0.0002,0.0012,-0.0,0.0001,-0.0001,0.0
"layer2_cell_[12, 31]",0.0001,0.0001,0.0002,0.0003,0.0002,-0.001,-0.0001,-0.0006
"layer2_cell_[13, 14]",-0.0001,-0.0008,-0.0003,-0.0024,0.0014,0.0027,0.001,-0.0017
"layer2_cell_[13, 15]",0.0007,0.0005,0.0007,-0.003,0.0019,-0.002,0.0,-0.002
"layer2_cell_[13, 16]",0.3849,0.0019,-0.0004,-0.003,0.0661,0.0018,0.0002,0.0031
"layer2_cell_[13, 17]",-0.001,-0.0002,-0.0007,-0.0032,0.0,-0.0004,-0.0001,-0.0012
"layer2_cell_[13, 18]",-0.0001,0.0046,-0.001,-0.0031,0.0013,0.0071,-0.0005,-0.0011
"layer2_cell_[13, 19]",-0.0028,-0.0019,-0.0029,-0.0034,-0.0001,-0.0035,-0.0016,-0.0026
"layer2_cell_[13, 20]",-0.0021,0.0001,-0.0004,-0.0027,0.0016,0.0,0.0002,-0.0015
"layer2_cell_[13, 21]",0.0009,0.001,0.0047,-0.0022,0.0014,-0.0008,0.0062,-0.0015
"layer2_cell_[13, 22]",-0.0012,0.0,0.023,-0.0027,-0.0001,0.0038,0.002,0.0029
"layer2_cell_[13, 23]",-0.0002,-0.0014,0.001,-0.0023,0.0007,-0.0012,0.0007,0.0004
"layer2_cell_[13, 24]",0.0012,-0.0025,0.0005,0.0356,0.0037,0.0005,0.0143,-0.0023
"layer2_cell_[13, 25]",-0.0002,0.0003,0.0002,-0.0031,0.0003,-0.0006,0.0002,-0.0012
"layer2_cell_[13, 26]",0.0003,-0.0014,-0.0021,-0.0036,0.0003,-0.001,-0.0001,-0.002
"layer2_cell_[13, 27]",0.0002,0.0,-0.0003,-0.003,0.0011,0.0,0.0002,-0.0013
"layer2_cell_[13, 28]",0.0001,-0.0004,0.0007,-0.0026,0.0005,0.0013,0.0293,-0.0014
"layer2_cell_[13, 29]",0.0,-0.0,-0.0003,-0.003,0.0006,-0.0,0.0002,-0.0014
"layer2_cell_[13, 30]",-0.0,-0.0,-0.0003,-0.003,0.0007,-0.0002,0.0001,-0.0013
"layer2_cell_[13, 31]",-0.0001,-0.0004,-0.0002,-0.0035,0.0008,-0.0013,0.0,-0.0018
"layer2_cell_[14, 15]",0.0003,0.0004,0.0009,-0.0005,0.0016,0.0006,-0.0001,-0.0013
"layer2_cell_[14, 16]",0.6331,0.0016,-0.0002,0.0005,0.1105,0.005,0.0006,0.0092
"layer2_cell_[14, 17]",-0.001,-0.001,-0.0003,-0.0004,-0.0001,0.0023,0.0003,-0.0003
"layer2_cell_[14, 18]",-0.0004,0.0029,-0.0006,-0.0001,0.0012,0.0101,0.0003,-0.0001
"layer2_cell_[14, 19]",-0.0024,-0.0015,-0.0033,-0.0015,-0.0006,-0.0012,-0.0007,-0.0016
"layer2_cell_[14, 20]",0.0105,-0.0007,-0.0002,0.0015,0.0133,0.0029,0.0005,-0.0005
"layer2_cell_[14, 21]",0.0025,0.0005,0.005,0.0011,0.0022,0.0032,0.0112,-0.0007
"layer2_cell_[14, 22]",-0.0008,-0.0007,0.0232,0.0013,-0.0002,0.0153,0.0025,0.0035
"layer2_cell_[14, 23]",-0.0003,-0.0016,0.0015,0.0019,0.0004,0.0008,0.0014,0.0016
"layer2_cell_[14, 24]",0.001,-0.0029,0.0016,0.1152,0.0052,0.004,0.0131,-0.0014
"layer2_cell_[14, 25]",-0.0004,-0.0004,0.0003,0.0001,0.0002,0.0024,0.0007,-0.0002
"layer2_cell_[14, 26]",0.0004,-0.0011,-0.002,-0.0005,-0.0,0.0014,0.0006,-0.0009
"layer2_cell_[14, 27]",-0.0001,-0.0008,-0.0001,0.0002,0.0009,0.0026,0.0005,-0.0004
"layer2_cell_[14, 28]",-0.0,-0.0007,0.0025,0.0008,0.0004,0.0049,0.2652,-0.0005
"layer2_cell_[14, 29]",-0.0001,-0.0008,-0.0002,0.0002,0.0005,0.0025,0.0005,-0.0005
"layer2_cell_[14, 30]",-0.0002,-0.0008,-0.0002,0.0003,0.0005,0.0024,0.0003,-0.0004
"layer2_cell_[14, 31]",-0.0003,-0.0012,-0.0001,-0.0006,0.0006,0.0007,0.0002,-0.001
"layer2_cell_[15, 16]",0.4725,0.0056,0.0014,0.0003,0.1425,0.0,0.0002,0.0216
"layer2_cell_[15, 17]",-0.0007,-0.0,0.0008,-0.0006,-0.0001,-0.0022,-0.0001,-0.0005
"layer2_cell_[15, 18]",0.0007,0.0061,0.0009,-0.0003,0.0011,0.0039,-0.0012,-0.0004
"layer2_cell_[15, 19]",-0.0018,-0.0023,-0.0018,-0.0014,-0.0007,-0.005,-0.0013,-0.0024
"layer2_cell_[15, 20]",-0.002,0.0003,0.0012,0.0007,0.0007,-0.0018,0.0002,-0.0005
"layer2_cell_[15, 21]",0.0025,0.0018,0.0229,0.0001,0.0032,-0.0005,0.0022,-0.0004
"layer2_cell_[15, 22]",-0.0004,0.001,0.051,-0.0003,-0.0001,0.0075,0.0009,0.004
"layer2_cell_[15, 23]",0.0007,-0.0,0.0047,0.0006,0.001,-0.0018,-0.0004,0.002
"layer2_cell_[15, 24]",0.0022,-0.0023,0.0068,0.0654,0.0089,-0.0003,0.0044,-0.002
"layer2_cell_[15, 25]",0.0002,0.0004,0.0022,-0.0002,0.0004,-0.0019,-0.0002,-0.0003
"layer2_cell_[15, 26]",0.001,-0.0004,-0.0007,-0.0008,0.0004,-0.0029,-0.0006,-0.001
"layer2_cell_[15, 27]",0.0008,0.0003,0.0013,0.0,0.0013,-0.0019,0.0002,-0.0004
"layer2_cell_[15, 28]",0.0009,0.0,0.4581,0.0005,0.0005,-0.0003,0.0086,-0.0005
"layer2_cell_[15, 29]",0.0008,0.0002,0.0013,-0.0,0.0007,-0.002,0.0002,-0.0005
"layer2_cell_[15, 30]",0.0008,0.0002,0.0013,0.0001,0.0007,-0.0022,0.0001,-0.0005
"layer2_cell_[15, 31]",0.0007,0.0001,0.0013,-0.0005,0.0008,-0.0031,0.0001,-0.0008
"layer2_cell_[16, 17]",0.2215,0.0017,-0.0005,-0.0002,0.0488,0.0015,-0.0001,0.0048
"layer2_cell_[16, 18]",0.3211,0.0163,-0.0005,0.0002,0.534,0.0104,-0.0008,0.0086
"layer2_cell_[16, 19]",0.1677,0.0005,-0.0029,-0.0014,0.0275,-0.002,-0.0018,0.0041
"layer2_cell_[16, 20]",0.8935,0.0021,-0.0,0.0015,0.821,0.0022,0.0001,0.0049
"layer2_cell_[16, 21]",0.6431,0.007,0.0042,0.0012,0.4383,0.0014,0.0071,0.006
"layer2_cell_[16, 22]",0.4706,0.0022,0.032,0.0013,0.0605,0.0075,0.0019,0.0232
"layer2_cell_[16, 23]",0.3364,0.0015,0.0012,0.0017,0.111,0.0001,0.0004,0.0342
"layer2_cell_[16, 24]",0.4803,-0.0008,0.0013,0.0544,0.8299,0.0028,0.0103,0.0047
"layer2_cell_[16, 25]",0.3532,0.003,0.0003,0.0003,0.0797,0.0011,0.0002,0.005
"layer2_cell_[16, 26]",0.6251,0.0018,-0.002,-0.0006,0.0798,0.0008,-0.0002,0.0057
"layer2_cell_[16, 27]",0.4024,0.002,0.0001,0.0005,0.0691,0.0022,0.0001,0.005
"layer2_cell_[16, 28]",0.339,0.002,0.0017,0.0012,0.0945,0.0036,0.0166,0.0042
"layer2_cell_[16, 29]",0.3309,0.002,0.0,0.0005,0.0889,0.0021,0.0001,0.0046
"layer2_cell_[16, 30]",0.2929,0.0022,0.0,0.0006,0.0937,0.0018,-0.0,0.0047
"layer2_cell_[16, 31]",0.3317,0.0016,0.0002,-0.0002,0.0823,0.0007,-0.0,0.0029
"layer2_cell_[17, 18]",-0.0009,0.0041,-0.001,-0.0008,-0.0004,0.0069,-0.0009,0.0007
"layer2_cell_[17, 19]",-0.0035,-0.0021,-0.0035,-0.0022,-0.0013,-0.0039,-0.002,-0.0013
"layer2_cell_[17, 20]",-0.0034,-0.0001,-0.0005,0.0004,-0.0008,-0.0003,-0.0001,0.0001
"layer2_cell_[17, 21]",-0.0,0.0007,0.0035,-0.0003,-0.001,-0.0012,0.0065,-0.0001
"layer2_cell_[17, 22]",-0.0023,-0.0001,0.0276,-0.0004,-0.001,0.0037,0.0011,0.0052
"layer2_cell_[17, 23]",-0.001,-0.0017,0.0003,0.0002,-0.0007,-0.0017,0.0001,0.0022
"layer2_cell_[17, 24]",0.0003,-0.0027,0.0009,0.0522,0.0004,0.0004,0.0092,-0.0009
"layer2_cell_[17, 25]",-0.0011,0.0001,-0.0001,-0.0007,-0.0006,-0.0007,-0.0002,0.0003
"layer2_cell_[17, 26]",-0.0008,-0.0016,-0.0024,-0.0015,-0.001,-0.0015,-0.0004,-0.0003
"layer2_cell_[17, 27]",-0.0011,-0.0001,-0.0004,-0.0006,-0.0002,-0.0003,-0.0002,0.0002
"layer2_cell_[17, 28]",-0.0011,-0.0006,0.0003,-0.0,-0.0006,0.0007,0.0241,-0.0
"layer2_cell_[17, 29]",-0.0011,-0.0002,-0.0005,-0.0006,-0.0005,-0.0004,-0.0002,0.0001
"layer2_cell_[17, 30]",-0.0012,-0.0002,-0.0005,-0.0005,-0.0005,-0.0006,-0.0003,0.0002
"layer2_cell_[17, 31]",-0.0012,-0.0005,-0.0004,-0.0013,-0.0004,-0.0016,-0.0003,-0.0004
"layer2_cell_[18, 19]",-0.003,0.0022,-0.0029,-0.002,-0.0009,0.0031,-0.0026,-0.0001
"layer2_cell_[18, 20]",-0.0022,0.0046,-0.0005,0.0008,0.0089,0.0077,-0.0009,0.0006
"layer2_cell_[18, 21]",0.0006,0.0082,0.0026,0.0002,0.0043,0.0083,0.0033,0.0003
"layer2_cell_[18, 22]",-0.0011,0.0049,0.0289,0.0002,-0.0002,0.0369,0.0004,0.0065
"layer2_cell_[18, 23]",-0.0005,0.0031,0.0002,0.0005,0.0007,0.0052,-0.0009,0.0033
"layer2_cell_[18, 24]",0.001,-0.0005,-0.0003,0.0662,0.0112,0.0093,0.0117,-0.0005
"layer2_cell_[18, 25]",-0.0005,0.005,-0.0005,-0.0005,0.0001,0.0065,-0.0005,0.0008
"layer2_cell_[18, 26]",0.0001,0.0032,-0.0024,-0.0012,-0.0003,0.0067,-0.0013,0.0002
"layer2_cell_[18, 27]",-0.0,0.0045,-0.0004,-0.0003,0.0006,0.007,-0.0009,0.0007
"layer2_cell_[18, 28]",-0.0001,0.0038,0.0003,0.0002,0.0001,0.0114,0.0603,0.0005
"layer2_cell_[18, 29]",-0.0002,0.0044,-0.0005,-0.0003,0.0002,0.0069,-0.0009,0.0006
"layer2_cell_[18, 30]",-0.0002,0.0047,-0.0004,-0.0002,0.0003,0.0068,-0.001,0.0006
"layer2_cell_[18, 31]",-0.0003,0.0039,-0.0003,-0.001,0.0003,0.0044,-0.0009,0.0
"layer2_cell_[19, 20]",-0.0012,-0.0018,-0.003,0.0002,0.0004,-0.0028,-0.0019,-0.0013
"layer2_cell_[19, 21]",-0.0012,-0.0022,0.0012,-0.0017,-0.0026,-0.0035,0.0025,-0.0019
"layer2_cell_[19, 22]",-0.0033,-0.0018,0.0173,-0.0016,-0.0015,0.0047,-0.001,0.0029
"layer2_cell_[19, 23]",-0.0028,-0.0041,-0.0021,-0.0008,-0.001,-0.0051,-0.0017,-0.0007
"layer2_cell_[19, 24]",-0.0016,-0.0045,-0.0021,0.0724,-0.0007,-0.0026,0.0015,-0.0017
"layer2_cell_[19, 25]",-0.0026,-0.0012,-0.0028,-0.002,-0.001,-0.0032,-0.0022,-0.0012
"layer2_cell_[19, 26]",-0.0021,-0.0032,-0.0039,-0.0028,-0.0012,-0.0044,-0.0021,-0.0016
"layer2_cell_[19, 27]",-0.0028,-0.0019,-0.0029,-0.0019,-0.0006,-0.0034,-0.0019,-0.0012
"layer2_cell_[19, 28]",-0.0029,-0.0021,-0.001,-0.0011,-0.0008,-0.0029,0.0074,-0.0007
"layer2_cell_[19, 29]",-0.003,-0.0019,-0.0029,-0.0018,-0.0008,-0.0035,-0.0019,-0.0012
"layer2_cell_[19, 30]",-0.003,-0.0022,-0.0029,-0.0018,-0.0009,-0.0034,-0.002,-0.0011
"layer2_cell_[19, 31]",-0.003,-0.002,-0.0028,-0.0023,-0.0007,-0.0043,-0.0018,-0.0014
"layer2_cell_[20, 21]",0.0036,0.001,0.0042,0.0021,0.0055,-0.0007,0.0075,-0.0002
"layer2_cell_[20, 22]",0.0044,0.0002,0.0319,0.0019,-0.0011,0.0044,0.0018,0.005
"layer2_cell_[20, 23]",0.0003,-0.0013,0.0011,0.0027,0.0003,-0.0011,0.0004,0.002
"layer2_cell_[20, 24]",-0.001,-0.0025,0.0012,0.0575,0.0403,0.0009,0.0101,-0.0011
"layer2_cell_[20, 25]",-0.0019,0.0005,0.0003,0.0008,-0.0002,-0.0003,0.0002,0.0002
"layer2_cell_[20, 26]",0.0002,-0.0013,-0.002,-0.0,0.0,-0.001,-0.0002,-0.0004
"layer2_cell_[20, 27]",-0.0021,0.0002,0.0,0.0012,0.0001,0.0001,0.0,0.0001
"layer2_cell_[20, 28]",-0.0021,-0.0003,0.0016,0.0019,0.0001,0.0016,0.0157,-0.0
"layer2_cell_[20, 29]",-0.0022,0.0001,-0.0,0.0011,-0.0,0.0001,0.0,0.0
"layer2_cell_[20, 30]",-0.0025,0.0002,0.0,0.0013,0.0,-0.0001,-0.0001,0.0001
"layer2_cell_[20, 31]",-0.0023,-0.0002,0.0001,0.0003,-0.0002,-0.0013,-0.0001,-0.0005
"layer2_cell_[21, 22]",0.005,0.0012,0.0572,0.0013,-0.0007,0.0185,0.0147,0.0054
"layer2_cell_[21, 23]",0.0013,0.0006,0.0106,0.0024,0.0006,0.0009,0.0098,0.0018
"layer2_cell_[21, 24]",0.0026,-0.0012,0.0113,0.1975,0.0445,0.0011,0.1141,-0.0006
"layer2_cell_[21, 25]",0.0011,0.0012,0.0054,0.0001,-0.0,-0.001,0.0098,0.0001
"layer2_cell_[21, 26]",0.0043,-0.0003,0.0028,-0.0005,0.0003,-0.002,0.0058,-0.0006
"layer2_cell_[21, 27]",0.0016,0.0011,0.0043,0.0004,0.0009,-0.0008,0.0071,-0.0001
"layer2_cell_[21, 28]",0.0011,0.0009,0.004,0.001,0.0,0.0011,0.0502,-0.0002
"layer2_cell_[21, 29]",0.0011,0.001,0.0042,0.0004,0.0,-0.0009,0.0071,-0.0002
"layer2_cell_[21, 30]",0.0011,0.0008,0.0043,0.0005,0.0002,-0.0009,0.0068,-0.0001
"layer2_cell_[21, 31]",0.0008,0.0005,0.0037,-0.0005,-0.0002,-0.0021,0.0058,-0.0007
"layer2_cell_[22, 23]",-0.0013,-0.0012,0.0407,0.0029,-0.0005,0.0081,0.0023,0.0086
"layer2_cell_[22, 24]",0.0003,-0.0024,0.0611,0.1173,0.0011,0.014,0.0192,0.0053
"layer2_cell_[22, 25]",-0.0013,0.0003,0.0308,0.0003,-0.0006,0.0027,0.0018,0.0055
"layer2_cell_[22, 26]",-0.0009,-0.0014,0.0168,-0.0003,-0.0008,0.0045,0.001,0.0046
"layer2_cell_[22, 27]",-0.0008,0.0002,0.0317,0.0005,-0.0001,0.0043,0.0018,0.0052
"layer2_cell_[22, 28]",-0.0012,-0.0002,0.0117,0.0018,-0.0006,0.0176,0.0304,0.0048
"layer2_cell_[22, 29]",-0.0012,0.0001,0.0313,0.0005,-0.0005,0.0042,0.0017,0.0051
"layer2_cell_[22, 30]",-0.0012,0.0001,0.0303,0.0005,-0.0005,0.0044,0.0015,0.0051
"layer2_cell_[22, 31]",-0.0013,-0.0003,0.0312,-0.0004,-0.0002,0.0012,0.0015,0.0044
"layer2_cell_[23, 24]",0.0012,-0.0032,0.0036,0.1761,0.0031,-0.0004,0.015,0.0007
"layer2_cell_[23, 25]",-0.0001,-0.0014,0.0016,0.0007,-0.0001,-0.0016,0.0006,0.0022
"layer2_cell_[23, 26]",0.0006,-0.0022,-0.0011,-0.0001,-0.0003,-0.0019,0.0002,0.0015
"layer2_cell_[23, 27]",0.0001,-0.0014,0.0012,0.0009,0.0005,-0.0011,0.0003,0.0021
"layer2_cell_[23, 28]",-0.0001,-0.0018,0.0029,0.002,-0.0001,-0.0001,0.0223,0.0018
"layer2_cell_[23, 29]",-0.0002,-0.0014,0.0011,0.0009,0.0,-0.0011,0.0003,0.002
"layer2_cell_[23, 30]",-0.0003,-0.0017,0.0012,0.0009,-0.0,-0.0014,0.0002,0.0021
"layer2_cell_[23, 31]",-0.0003,-0.0018,0.001,-0.0,0.0003,-0.0023,0.0002,0.0013
"layer2_cell_[24, 25]",0.0008,-0.0021,0.0015,0.0674,0.0017,0.0002,0.0117,-0.0009
"layer2_cell_[24, 26]",0.0019,-0.0033,-0.0016,0.0547,0.0016,-0.0002,0.0099,-0.0016
"layer2_cell_[24, 27]",0.0012,-0.0025,0.0013,0.0629,0.0038,0.0006,0.0102,-0.001
"layer2_cell_[24, 28]",0.0012,-0.0028,0.0972,0.112,0.0017,0.0033,0.4128,-0.0011
"layer2_cell_[24, 29]",0.0012,-0.0025,0.0012,0.0597,0.0018,0.0005,0.0101,-0.0011
"layer2_cell_[24, 30]",0.0012,-0.0025,0.0013,0.061,0.0022,0.0005,0.0099,-0.001
"layer2_cell_[24, 31]",0.0009,-0.0027,0.0011,0.0545,0.0018,-0.001,0.0086,-0.0014
"layer2_cell_[25, 26]",-0.0001,-0.0012,-0.0015,-0.0013,-0.0006,-0.0017,-0.0001,-0.0002
"layer2_cell_[25, 27]",0.0,0.0004,0.0003,-0.0002,0.0002,-0.0004,0.0001,0.0003
"layer2_cell_[25, 28]",-0.0002,0.0002,0.0128,0.0004,-0.0002,0.0009,0.02,0.0001
"layer2_cell_[25, 29]",-0.0002,0.0003,0.0003,-0.0002,-0.0001,-0.0005,0.0001,0.0002
"layer2_cell_[25, 30]",-0.0003,0.0004,0.0003,-0.0001,-0.0002,-0.0006,-0.0001,0.0003
"layer2_cell_[25, 31]",-0.0003,-0.0001,0.0003,-0.001,0.0001,-0.0016,-0.0,-0.0004
"layer2_cell_[26, 27]",0.0002,-0.0014,-0.002,-0.001,-0.0001,-0.001,-0.0002,-0.0003
"layer2_cell_[26, 28]",0.0005,-0.0015,0.0011,-0.0004,-0.0005,0.0004,0.0235,-0.0005
"layer2_cell_[26, 29]",0.0004,-0.0015,-0.002,-0.0011,-0.0004,-0.0011,-0.0003,-0.0004
"layer2_cell_[26, 30]",0.0003,-0.0016,-0.0019,-0.001,-0.0004,-0.0012,-0.0003,-0.0004
"layer2_cell_[26, 31]",0.0001,-0.0018,-0.0018,-0.0017,-0.0002,-0.0022,-0.0004,-0.001
"layer2_cell_[27, 28]",0.0001,-0.0003,0.0016,0.0006,0.0003,0.0012,0.0163,0.0
"layer2_cell_[27, 29]",0.0001,0.0001,0.0,-0.0,0.0004,0.0,-0.0,0.0001
"layer2_cell_[27, 30]",-0.0,0.0001,0.0001,0.0001,0.0004,-0.0001,-0.0001,0.0002
"layer2_cell_[27, 31]",-0.0001,-0.0003,0.0002,-0.0008,0.0007,-0.0012,-0.0001,-0.0004
"layer2_cell_[28, 29]",0.0001,-0.0004,0.0016,0.0005,-0.0001,0.0011,0.0158,-0.0
"layer2_cell_[28, 30]",-0.0,-0.0004,0.0016,0.0006,-0.0001,0.0009,0.0144,0.0
"layer2_cell_[28, 31]",-0.0002,-0.0008,0.002,-0.0002,0.0001,-0.0005,0.0158,-0.0005
"layer2_cell_[29, 30]",-0.0001,0.0001,0.0,0.0001,-0.0,-0.0002,-0.0001,0.0001
"layer2_cell_[29, 31]",-0.0002,-0.0004,0.0002,-0.0008,0.0003,-0.0013,-0.0001,-0.0005
"layer2_cell_[30, 31]",-0.0003,-0.0003,0.0002,-0.0007,0.0002,-0.0014,-0.0002,-0.0004
